location,time,value
Mitte,2007_Q1,1813.26
Mitte,2007_Q2,1812.76
Mitte,2007_Q3,1815.54
Mitte,2007_Q4,1820.09
Mitte,2008_Q1,1823.05
Mitte,2008_Q2,1835.9
Mitte,2008_Q3,1851.06
Mitte,2008_Q4,1866.17
Mitte,2009_Q1,1878.49
Mitte,2009_Q2,1901.3
Mitte,2009_Q3,1927.73
Mitte,2009_Q4,1954.91
Mitte,2010_Q1,1978.28
Mitte,2010_Q2,2009.93
Mitte,2010_Q3,2041.84
Mitte,2010_Q4,2072.02
Mitte,2011_Q1,2098.41
Mitte,2011_Q2,2137.0
Mitte,2011_Q3,2181.4
Mitte,2011_Q4,2229.29
Mitte,2012_Q1,2275.96
Mitte,2012_Q2,2335.24
Mitte,2012_Q3,2397.37
Mitte,2012_Q4,2458.78
Mitte,2013_Q1,2515.35
Mitte,2013_Q2,2584.51
Mitte,2013_Q3,2657.1
Mitte,2013_Q4,2729.06
Mitte,2014_Q1,2793.94
Mitte,2014_Q2,2868.83
Mitte,2014_Q3,2942.72
Mitte,2014_Q4,3013.0
Mitte,2015_Q1,3076.95
Mitte,2015_Q2,3158.56
Mitte,2015_Q3,3249.21
Mitte,2015_Q4,3346.13
Mitte,2016_Q1,3442.89
Mitte,2016_Q2,3561.0
Mitte,2016_Q3,3686.35
Mitte,2016_Q4,3813.88
Mitte,2017_Q1,3937.34
Mitte,2017_Q2,4084.1
Mitte,2017_Q3,4240.01
Mitte,2017_Q4,4398.33
Mitte,2018_Q1,4548.05
Mitte,2018_Q2,4716.08
Mitte,2018_Q3,4883.63
Charlottenburg,2007_Q1,1482.06
Charlottenburg,2007_Q2,1481.8
Charlottenburg,2007_Q3,1484.23
Charlottenburg,2007_Q4,1488.11
Charlottenburg,2008_Q1,1490.69
Charlottenburg,2008_Q2,1501.35
Charlottenburg,2008_Q3,1513.91
Charlottenburg,2008_Q4,1526.43
Charlottenburg,2009_Q1,1536.67
Charlottenburg,2009_Q2,1555.49
Charlottenburg,2009_Q3,1577.28
Charlottenburg,2009_Q4,1599.69
Charlottenburg,2010_Q1,1618.99
Charlottenburg,2010_Q2,1645.06
Charlottenburg,2010_Q3,1671.35
Charlottenburg,2010_Q4,1696.24
Charlottenburg,2011_Q1,1718.02
Charlottenburg,2011_Q2,1749.8
Charlottenburg,2011_Q3,1786.35
Charlottenburg,2011_Q4,1825.75
Charlottenburg,2012_Q1,1864.17
Charlottenburg,2012_Q2,1912.93
Charlottenburg,2012_Q3,1964.03
Charlottenburg,2012_Q4,2014.56
Charlottenburg,2013_Q1,2061.13
Charlottenburg,2013_Q2,2118.02
Charlottenburg,2013_Q3,2177.74
Charlottenburg,2013_Q4,2236.95
Charlottenburg,2014_Q1,2290.37
Charlottenburg,2014_Q2,2352.02
Charlottenburg,2014_Q3,2412.85
Charlottenburg,2014_Q4,2470.73
Charlottenburg,2015_Q1,2523.44
Charlottenburg,2015_Q2,2590.64
Charlottenburg,2015_Q3,2665.27
Charlottenburg,2015_Q4,2745.07
Charlottenburg,2016_Q1,2824.74
Charlottenburg,2016_Q2,2921.96
Charlottenburg,2016_Q3,3025.13
Charlottenburg,2016_Q4,3130.11
Charlottenburg,2017_Q1,3231.78
Charlottenburg,2017_Q2,3352.6
Charlottenburg,2017_Q3,3480.95
Charlottenburg,2017_Q4,3611.31
Charlottenburg,2018_Q1,3734.63
Charlottenburg,2018_Q2,3873.02
Charlottenburg,2018_Q3,4011.04
Kreuzberg,2007_Q1,1364.28
Kreuzberg,2007_Q2,1369.49
Kreuzberg,2007_Q3,1377.21
Kreuzberg,2007_Q4,1386.31
Kreuzberg,2008_Q1,1394.25
Kreuzberg,2008_Q2,1409.83
Kreuzberg,2008_Q3,1427.3
Kreuzberg,2008_Q4,1444.83
Kreuzberg,2009_Q1,1460.33
Kreuzberg,2009_Q2,1484.11
Kreuzberg,2009_Q3,1510.91
Kreuzberg,2009_Q4,1538.49
Kreuzberg,2010_Q1,1563.26
Kreuzberg,2010_Q2,1594.77
Kreuzberg,2010_Q3,1626.72
Kreuzberg,2010_Q4,1657.53
Kreuzberg,2011_Q1,1685.51
Kreuzberg,2011_Q2,1723.54
Kreuzberg,2011_Q3,1766.55
Kreuzberg,2011_Q4,1812.72
Kreuzberg,2012_Q1,1858.25
Kreuzberg,2012_Q2,1914.46
Kreuzberg,2012_Q3,1973.44
Kreuzberg,2012_Q4,2032.29
Kreuzberg,2013_Q1,2087.56
Kreuzberg,2013_Q2,2153.74
Kreuzberg,2013_Q3,2223.3
Kreuzberg,2013_Q4,2292.85
Kreuzberg,2014_Q1,2356.98
Kreuzberg,2014_Q2,2430.07
Kreuzberg,2014_Q3,2502.87
Kreuzberg,2014_Q4,2573.12
Kreuzberg,2015_Q1,2638.5
Kreuzberg,2015_Q2,2719.58
Kreuzberg,2015_Q3,2809.08
Kreuzberg,2015_Q4,2904.73
Kreuzberg,2016_Q1,3000.96
Kreuzberg,2016_Q2,3116.62
Kreuzberg,2016_Q3,3239.54
Kreuzberg,2016_Q4,3365.33
Kreuzberg,2017_Q1,3488.5
Kreuzberg,2017_Q2,3633.36
Kreuzberg,2017_Q3,3787.5
Kreuzberg,2017_Q4,3945.01
Kreuzberg,2018_Q1,4096.0
Kreuzberg,2018_Q2,4264.73
Kreuzberg,2018_Q3,4434.32
Prenzlauer Berg,2007_Q1,1582.28
Prenzlauer Berg,2007_Q2,1582.17
Prenzlauer Berg,2007_Q3,1584.94
Prenzlauer Berg,2007_Q4,1589.25
Prenzlauer Berg,2008_Q1,1592.16
Prenzlauer Berg,2008_Q2,1603.73
Prenzlauer Berg,2008_Q3,1617.31
Prenzlauer Berg,2008_Q4,1630.86
Prenzlauer Berg,2009_Q1,1641.97
Prenzlauer Berg,2009_Q2,1662.26
Prenzlauer Berg,2009_Q3,1685.73
Prenzlauer Berg,2009_Q4,1709.85
Prenzlauer Berg,2010_Q1,1730.66
Prenzlauer Berg,2010_Q2,1758.72
Prenzlauer Berg,2010_Q3,1787.02
Prenzlauer Berg,2010_Q4,1813.82
Prenzlauer Berg,2011_Q1,1837.3
Prenzlauer Berg,2011_Q2,1871.49
Prenzlauer Berg,2011_Q3,1910.78
Prenzlauer Berg,2011_Q4,1953.14
Prenzlauer Berg,2012_Q1,1994.45
Prenzlauer Berg,2012_Q2,2046.83
Prenzlauer Berg,2012_Q3,2101.73
Prenzlauer Berg,2012_Q4,2156.03
Prenzlauer Berg,2013_Q1,2206.1
Prenzlauer Berg,2013_Q2,2267.24
Prenzlauer Berg,2013_Q3,2331.41
Prenzlauer Berg,2013_Q4,2395.05
Prenzlauer Berg,2014_Q1,2452.51
Prenzlauer Berg,2014_Q2,2518.78
Prenzlauer Berg,2014_Q3,2584.2
Prenzlauer Berg,2014_Q4,2646.47
Prenzlauer Berg,2015_Q1,2703.22
Prenzlauer Berg,2015_Q2,2775.5
Prenzlauer Berg,2015_Q3,2855.76
Prenzlauer Berg,2015_Q4,2941.57
Prenzlauer Berg,2016_Q1,3027.27
Prenzlauer Berg,2016_Q2,3131.78
Prenzlauer Berg,2016_Q3,3242.71
Prenzlauer Berg,2016_Q4,3355.6
Prenzlauer Berg,2017_Q1,3464.96
Prenzlauer Berg,2017_Q2,3594.88
Prenzlauer Berg,2017_Q3,3732.89
Prenzlauer Berg,2017_Q4,3873.1
Prenzlauer Berg,2018_Q1,4005.79
Prenzlauer Berg,2018_Q2,4154.67
Prenzlauer Berg,2018_Q3,4303.18
Schöneberg,2007_Q1,1341.25
Schöneberg,2007_Q2,1344.11
Schöneberg,2007_Q3,1349.42
Schöneberg,2007_Q4,1356.07
Schöneberg,2008_Q1,1361.55
Schöneberg,2008_Q2,1374.46
Schöneberg,2008_Q3,1389.16
Schöneberg,2008_Q4,1403.87
Schöneberg,2009_Q1,1416.55
Schöneberg,2009_Q2,1437.21
Schöneberg,2009_Q3,1460.72
Schöneberg,2009_Q4,1484.88
Schöneberg,2010_Q1,1506.27
Schöneberg,2010_Q2,1534.06
Schöneberg,2010_Q3,1562.17
Schöneberg,2010_Q4,1589.09
Schöneberg,2011_Q1,1613.21
Schöneberg,2011_Q2,1646.85
Schöneberg,2011_Q3,1685.12
Schöneberg,2011_Q4,1726.27
Schöneberg,2012_Q1,1766.66
Schöneberg,2012_Q2,1817.05
Schöneberg,2012_Q3,1869.9
Schöneberg,2012_Q4,1922.43
Schöneberg,2013_Q1,1971.41
Schöneberg,2013_Q2,2030.5
Schöneberg,2013_Q3,2092.57
Schöneberg,2013_Q4,2154.42
Schöneberg,2014_Q1,2210.97
Schöneberg,2014_Q2,2275.71
Schöneberg,2014_Q3,2339.96
Schöneberg,2014_Q4,2401.62
Schöneberg,2015_Q1,2458.52
Schöneberg,2015_Q2,2529.82
Schöneberg,2015_Q3,2608.7
Schöneberg,2015_Q4,2693.01
Schöneberg,2016_Q1,2777.57
Schöneberg,2016_Q2,2879.79
Schöneberg,2016_Q3,2988.36
Schöneberg,2016_Q4,3099.2
Schöneberg,2017_Q1,3207.24
Schöneberg,2017_Q2,3334.83
Schöneberg,2017_Q3,3470.49
Schöneberg,2017_Q4,3608.76
Schöneberg,2018_Q1,3740.61
Schöneberg,2018_Q2,3888.18
Schöneberg,2018_Q3,4036.03
Friedrichshain,2007_Q1,1386.73
Friedrichshain,2007_Q2,1387.43
Friedrichshain,2007_Q3,1390.65
Friedrichshain,2007_Q4,1395.22
Friedrichshain,2008_Q1,1398.58
Friedrichshain,2008_Q2,1409.54
Friedrichshain,2008_Q3,1422.29
Friedrichshain,2008_Q4,1435.02
Friedrichshain,2009_Q1,1445.62
Friedrichshain,2009_Q2,1464.32
Friedrichshain,2009_Q3,1485.84
Friedrichshain,2009_Q4,1507.97
Friedrichshain,2010_Q1,1527.19
Friedrichshain,2010_Q2,1552.83
Friedrichshain,2010_Q3,1578.72
Friedrichshain,2010_Q4,1603.31
Friedrichshain,2011_Q1,1624.99
Friedrichshain,2011_Q2,1656.18
Friedrichshain,2011_Q3,1691.91
Friedrichshain,2011_Q4,1730.4
Friedrichshain,2012_Q1,1768.01
Friedrichshain,2012_Q2,1815.48
Friedrichshain,2012_Q3,1865.23
Friedrichshain,2012_Q4,1914.51
Friedrichshain,2013_Q1,1960.09
Friedrichshain,2013_Q2,2015.56
Friedrichshain,2013_Q3,2073.79
Friedrichshain,2013_Q4,2131.61
Friedrichshain,2014_Q1,2184.0
Friedrichshain,2014_Q2,2244.29
Friedrichshain,2014_Q3,2303.9
Friedrichshain,2014_Q4,2360.76
Friedrichshain,2015_Q1,2412.75
Friedrichshain,2015_Q2,2478.68
Friedrichshain,2015_Q3,2551.81
Friedrichshain,2015_Q4,2629.99
Friedrichshain,2016_Q1,2708.15
Friedrichshain,2016_Q2,2803.25
Friedrichshain,2016_Q3,2904.19
Friedrichshain,2016_Q4,3007.01
Friedrichshain,2017_Q1,3106.78
Friedrichshain,2017_Q2,3225.1
Friedrichshain,2017_Q3,3350.84
Friedrichshain,2017_Q4,3478.68
Friedrichshain,2018_Q1,3599.9
Friedrichshain,2018_Q2,3735.82
Friedrichshain,2018_Q3,3871.57
Wilmersdorf,2007_Q1,1523.0
Wilmersdorf,2007_Q2,1523.66
Wilmersdorf,2007_Q3,1527.08
Wilmersdorf,2007_Q4,1532.0
Wilmersdorf,2008_Q1,1535.58
Wilmersdorf,2008_Q2,1547.5
Wilmersdorf,2008_Q3,1561.39
Wilmersdorf,2008_Q4,1575.25
Wilmersdorf,2009_Q1,1586.78
Wilmersdorf,2009_Q2,1607.18
Wilmersdorf,2009_Q3,1630.69
Wilmersdorf,2009_Q4,1654.85
Wilmersdorf,2010_Q1,1675.83
Wilmersdorf,2010_Q2,1703.85
Wilmersdorf,2010_Q3,1732.13
Wilmersdorf,2010_Q4,1758.98
Wilmersdorf,2011_Q1,1782.65
Wilmersdorf,2011_Q2,1816.73
Wilmersdorf,2011_Q3,1855.79
Wilmersdorf,2011_Q4,1897.87
Wilmersdorf,2012_Q1,1938.98
Wilmersdorf,2012_Q2,1990.9
Wilmersdorf,2012_Q3,2045.32
Wilmersdorf,2012_Q4,2099.21
Wilmersdorf,2013_Q1,2149.03
Wilmersdorf,2013_Q2,2209.69
Wilmersdorf,2013_Q3,2273.36
Wilmersdorf,2013_Q4,2336.59
Wilmersdorf,2014_Q1,2393.84
Wilmersdorf,2014_Q2,2459.75
Wilmersdorf,2014_Q3,2524.9
Wilmersdorf,2014_Q4,2587.03
Wilmersdorf,2015_Q1,2643.82
Wilmersdorf,2015_Q2,2715.87
Wilmersdorf,2015_Q3,2795.8
Wilmersdorf,2015_Q4,2881.25
Wilmersdorf,2016_Q1,2966.67
Wilmersdorf,2016_Q2,3070.62
Wilmersdorf,2016_Q3,3180.97
Wilmersdorf,2016_Q4,3293.35
Wilmersdorf,2017_Q1,3402.38
Wilmersdorf,2017_Q2,3531.71
Wilmersdorf,2017_Q3,3669.13
Wilmersdorf,2017_Q4,3808.84
Wilmersdorf,2018_Q1,3941.29
Wilmersdorf,2018_Q2,4089.82
Wilmersdorf,2018_Q3,4238.12
Neukölln,2007_Q1,961.55
Neukölln,2007_Q2,970.2
Neukölln,2007_Q3,980.69
Neukölln,2007_Q4,992.26
Neukölln,2008_Q1,1003.09
Neukölln,2008_Q2,1019.52
Neukölln,2008_Q3,1037.47
Neukölln,2008_Q4,1055.63
Neukölln,2009_Q1,1072.45
Neukölln,2009_Q2,1095.53
Neukölln,2009_Q3,1121.06
Neukölln,2009_Q4,1147.4
Neukölln,2010_Q1,1171.88
Neukölln,2010_Q2,1201.66
Neukölln,2010_Q3,1232.05
Neukölln,2010_Q4,1261.85
Neukölln,2011_Q1,1289.76
Neukölln,2011_Q2,1325.66
Neukölln,2011_Q3,1365.75
Neukölln,2011_Q4,1408.66
Neukölln,2012_Q1,1451.49
Neukölln,2012_Q2,1503.1
Neukölln,2012_Q3,1557.39
Neukölln,2012_Q4,1612.08
Neukölln,2013_Q1,1664.46
Neukölln,2013_Q2,1726.08
Neukölln,2013_Q3,1791.01
Neukölln,2013_Q4,1856.55
Neukölln,2014_Q1,1918.31
Neukölln,2014_Q2,1987.98
Neukölln,2014_Q3,2058.08
Neukölln,2014_Q4,2126.75
Neukölln,2015_Q1,2192.03
Neukölln,2015_Q2,2271.03
Neukölln,2015_Q3,2357.86
Neukölln,2015_Q4,2450.7
Neukölln,2016_Q1,2544.94
Neukölln,2016_Q2,2656.64
Neukölln,2016_Q3,2775.65
Neukölln,2016_Q4,2898.28
Neukölln,2017_Q1,3019.83
Neukölln,2017_Q2,3161.43
Neukölln,2017_Q3,3312.54
Neukölln,2017_Q4,3468.07
Neukölln,2018_Q1,3619.36
Neukölln,2018_Q2,3787.87
Neukölln,2018_Q3,3958.78
Tiergarten,2007_Q1,1182.4
Tiergarten,2007_Q2,1186.36
Tiergarten,2007_Q3,1192.5
Tiergarten,2007_Q4,1199.82
Tiergarten,2008_Q1,1206.13
Tiergarten,2008_Q2,1219.04
Tiergarten,2008_Q3,1233.57
Tiergarten,2008_Q4,1248.15
Tiergarten,2009_Q1,1260.95
Tiergarten,2009_Q2,1280.89
Tiergarten,2009_Q3,1303.42
Tiergarten,2009_Q4,1326.59
Tiergarten,2010_Q1,1347.32
Tiergarten,2010_Q2,1373.84
Tiergarten,2010_Q3,1400.72
Tiergarten,2010_Q4,1426.58
Tiergarten,2011_Q1,1449.99
Tiergarten,2011_Q2,1482.02
Tiergarten,2011_Q3,1518.3
Tiergarten,2011_Q4,1557.26
Tiergarten,2012_Q1,1595.64
Tiergarten,2012_Q2,1643.14
Tiergarten,2012_Q3,1692.98
Tiergarten,2012_Q4,1742.65
Tiergarten,2013_Q1,1789.21
Tiergarten,2013_Q2,1845.08
Tiergarten,2013_Q3,1903.78
Tiergarten,2013_Q4,1962.43
Tiergarten,2014_Q1,2016.38
Tiergarten,2014_Q2,2077.94
Tiergarten,2014_Q3,2139.2
Tiergarten,2014_Q4,2198.23
Tiergarten,2015_Q1,2253.03
Tiergarten,2015_Q2,2321.19
Tiergarten,2015_Q3,2396.47
Tiergarten,2015_Q4,2476.91
Tiergarten,2016_Q1,2557.79
Tiergarten,2016_Q2,2655.13
Tiergarten,2016_Q3,2758.57
Tiergarten,2016_Q4,2864.36
Tiergarten,2017_Q1,2967.81
Tiergarten,2017_Q2,3089.61
Tiergarten,2017_Q3,3219.19
Tiergarten,2017_Q4,3351.52
Tiergarten,2018_Q1,3478.18
Tiergarten,2018_Q2,3619.78
Tiergarten,2018_Q3,3761.97
Steglitz,2007_Q1,1309.33
Steglitz,2007_Q2,1309.23
Steglitz,2007_Q3,1311.5
Steglitz,2007_Q4,1315.05
Steglitz,2008_Q1,1317.45
Steglitz,2008_Q2,1327.0
Steglitz,2008_Q3,1338.23
Steglitz,2008_Q4,1349.42
Steglitz,2009_Q1,1358.6
Steglitz,2009_Q2,1375.37
Steglitz,2009_Q3,1394.77
Steglitz,2009_Q4,1414.71
Steglitz,2010_Q1,1431.91
Steglitz,2010_Q2,1455.11
Steglitz,2010_Q3,1478.5
Steglitz,2010_Q4,1500.66
Steglitz,2011_Q1,1520.07
Steglitz,2011_Q2,1548.34
Steglitz,2011_Q3,1580.82
Steglitz,2011_Q4,1615.85
Steglitz,2012_Q1,1650.0
Steglitz,2012_Q2,1693.31
Steglitz,2012_Q3,1738.71
Steglitz,2012_Q4,1783.61
Steglitz,2013_Q1,1825.01
Steglitz,2013_Q2,1875.56
Steglitz,2013_Q3,1928.62
Steglitz,2013_Q4,1981.24
Steglitz,2014_Q1,2028.75
Steglitz,2014_Q2,2083.55
Steglitz,2014_Q3,2137.64
Steglitz,2014_Q4,2189.12
Steglitz,2015_Q1,2236.03
Steglitz,2015_Q2,2295.8
Steglitz,2015_Q3,2362.15
Steglitz,2015_Q4,2433.1
Steglitz,2016_Q1,2503.96
Steglitz,2016_Q2,2590.37
Steglitz,2016_Q3,2682.09
Steglitz,2016_Q4,2775.43
Steglitz,2017_Q1,2865.84
Steglitz,2017_Q2,2973.26
Steglitz,2017_Q3,3087.37
Steglitz,2017_Q4,3203.29
Steglitz,2018_Q1,3312.99
Steglitz,2018_Q2,3436.08
Steglitz,2018_Q3,3558.86
Friedenau,2007_Q1,1433.58
Friedenau,2007_Q2,1432.54
Friedenau,2007_Q3,1434.1
Friedenau,2007_Q4,1437.06
Friedenau,2008_Q1,1438.75
Friedenau,2008_Q2,1448.25
Friedenau,2008_Q3,1459.56
Friedenau,2008_Q4,1470.81
Friedenau,2009_Q1,1479.86
Friedenau,2009_Q2,1497.16
Friedenau,2009_Q3,1517.3
Friedenau,2009_Q4,1538.01
Friedenau,2010_Q1,1555.7
Friedenau,2010_Q2,1579.88
Friedenau,2010_Q3,1604.25
Friedenau,2010_Q4,1627.24
Friedenau,2011_Q1,1647.22
Friedenau,2011_Q2,1676.77
Friedenau,2011_Q3,1710.85
Friedenau,2011_Q4,1747.63
Friedenau,2012_Q1,1783.41
Friedenau,2012_Q2,1829.05
Friedenau,2012_Q3,1876.87
Friedenau,2012_Q4,1924.1
Friedenau,2013_Q1,1967.49
Friedenau,2013_Q2,2020.69
Friedenau,2013_Q3,2076.51
Friedenau,2013_Q4,2131.8
Friedenau,2014_Q1,2181.51
Friedenau,2014_Q2,2238.98
Friedenau,2014_Q3,2295.63
Friedenau,2014_Q4,2349.4
Friedenau,2015_Q1,2398.2
Friedenau,2015_Q2,2460.71
Friedenau,2015_Q3,2530.2
Friedenau,2015_Q4,2604.51
Friedenau,2016_Q1,2678.63
Friedenau,2016_Q2,2769.29
Friedenau,2016_Q3,2865.49
Friedenau,2016_Q4,2963.3
Friedenau,2017_Q1,3057.86
Friedenau,2017_Q2,3170.43
Friedenau,2017_Q3,3289.99
Friedenau,2017_Q4,3411.32
Friedenau,2018_Q1,3525.86
Friedenau,2018_Q2,3654.5
Friedenau,2018_Q3,3782.65
Tempelhof,2007_Q1,1158.5
Tempelhof,2007_Q2,1159.35
Tempelhof,2007_Q3,1162.3
Tempelhof,2007_Q4,1166.39
Tempelhof,2008_Q1,1169.46
Tempelhof,2008_Q2,1178.89
Tempelhof,2008_Q3,1189.82
Tempelhof,2008_Q4,1200.74
Tempelhof,2009_Q1,1209.89
Tempelhof,2009_Q2,1225.81
Tempelhof,2009_Q3,1244.11
Tempelhof,2009_Q4,1262.92
Tempelhof,2010_Q1,1279.31
Tempelhof,2010_Q2,1301.08
Tempelhof,2010_Q3,1323.07
Tempelhof,2010_Q4,1343.98
Tempelhof,2011_Q1,1362.46
Tempelhof,2011_Q2,1388.92
Tempelhof,2011_Q3,1419.21
Tempelhof,2011_Q4,1451.82
Tempelhof,2012_Q1,1483.71
Tempelhof,2012_Q2,1523.89
Tempelhof,2012_Q3,1566.01
Tempelhof,2012_Q4,1607.74
Tempelhof,2013_Q1,1646.39
Tempelhof,2013_Q2,1693.36
Tempelhof,2013_Q3,1742.68
Tempelhof,2013_Q4,1791.67
Tempelhof,2014_Q1,1836.12
Tempelhof,2014_Q2,1887.24
Tempelhof,2014_Q3,1937.79
Tempelhof,2014_Q4,1986.07
Tempelhof,2015_Q1,2030.27
Tempelhof,2015_Q2,2086.22
Tempelhof,2015_Q3,2148.25
Tempelhof,2015_Q4,2214.56
Tempelhof,2016_Q1,2280.9
Tempelhof,2016_Q2,2361.52
Tempelhof,2016_Q3,2447.11
Tempelhof,2016_Q4,2534.32
Tempelhof,2017_Q1,2618.99
Tempelhof,2017_Q2,2719.35
Tempelhof,2017_Q3,2826.0
Tempelhof,2017_Q4,2934.48
Tempelhof,2018_Q1,3037.43
Tempelhof,2018_Q2,3152.83
Tempelhof,2018_Q3,3268.12
Zehlendorf,2007_Q1,1520.1
Zehlendorf,2007_Q2,1516.26
Zehlendorf,2007_Q3,1515.17
Zehlendorf,2007_Q4,1515.56
Zehlendorf,2008_Q1,1514.61
Zehlendorf,2008_Q2,1521.86
Zehlendorf,2008_Q3,1530.98
Zehlendorf,2008_Q4,1540.0
Zehlendorf,2009_Q1,1546.68
Zehlendorf,2009_Q2,1561.94
Zehlendorf,2009_Q3,1580.1
Zehlendorf,2009_Q4,1598.78
Zehlendorf,2010_Q1,1614.26
Zehlendorf,2010_Q2,1636.4
Zehlendorf,2010_Q3,1658.64
Zehlendorf,2010_Q4,1679.38
Zehlendorf,2011_Q1,1696.94
Zehlendorf,2011_Q2,1724.27
Zehlendorf,2011_Q3,1756.13
Zehlendorf,2011_Q4,1790.65
Zehlendorf,2012_Q1,1824.03
Zehlendorf,2012_Q2,1867.33
Zehlendorf,2012_Q3,1912.7
Zehlendorf,2012_Q4,1957.3
Zehlendorf,2013_Q1,1997.83
Zehlendorf,2013_Q2,2048.15
Zehlendorf,2013_Q3,2100.94
Zehlendorf,2013_Q4,2152.99
Zehlendorf,2014_Q1,2199.22
Zehlendorf,2014_Q2,2253.09
Zehlendorf,2014_Q3,2305.93
Zehlendorf,2014_Q4,2355.69
Zehlendorf,2015_Q1,2400.29
Zehlendorf,2015_Q2,2458.41
Zehlendorf,2015_Q3,2523.28
Zehlendorf,2015_Q4,2592.72
Zehlendorf,2016_Q1,2661.69
Zehlendorf,2016_Q2,2746.81
Zehlendorf,2016_Q3,2837.11
Zehlendorf,2016_Q4,2928.67
Zehlendorf,2017_Q1,3016.67
Zehlendorf,2017_Q2,3122.09
Zehlendorf,2017_Q3,3233.98
Zehlendorf,2017_Q4,3347.21
Zehlendorf,2018_Q1,3453.36
Zehlendorf,2018_Q2,3572.91
Zehlendorf,2018_Q3,3691.53
Wedding,2007_Q1,1019.64
Wedding,2007_Q2,1023.38
Wedding,2007_Q3,1028.99
Wedding,2007_Q4,1035.63
Wedding,2008_Q1,1041.4
Wedding,2008_Q2,1052.88
Wedding,2008_Q3,1065.76
Wedding,2008_Q4,1078.69
Wedding,2009_Q1,1090.09
Wedding,2009_Q2,1107.68
Wedding,2009_Q3,1127.51
Wedding,2009_Q4,1147.91
Wedding,2010_Q1,1166.21
Wedding,2010_Q2,1189.54
Wedding,2010_Q3,1213.19
Wedding,2010_Q4,1235.97
Wedding,2011_Q1,1256.65
Wedding,2011_Q2,1284.81
Wedding,2011_Q3,1316.67
Wedding,2011_Q4,1350.88
Wedding,2012_Q1,1384.59
Wedding,2012_Q2,1426.26
Wedding,2012_Q3,1469.97
Wedding,2012_Q4,1513.57
Wedding,2013_Q1,1554.5
Wedding,2013_Q2,1603.54
Wedding,2013_Q3,1655.07
Wedding,2013_Q4,1706.59
Wedding,2014_Q1,1754.05
Wedding,2014_Q2,1808.17
Wedding,2014_Q3,1862.05
Wedding,2014_Q4,1914.03
Wedding,2015_Q1,1962.36
Wedding,2015_Q2,2022.35
Wedding,2015_Q3,2088.59
Wedding,2015_Q4,2159.38
Wedding,2016_Q1,2230.58
Wedding,2016_Q2,2316.19
Wedding,2016_Q3,2407.18
Wedding,2016_Q4,2500.26
Wedding,2017_Q1,2591.38
Wedding,2017_Q2,2698.57
Wedding,2017_Q3,2812.62
Wedding,2017_Q4,2929.15
Wedding,2018_Q1,3040.79
Wedding,2018_Q2,3165.57
Wedding,2018_Q3,3290.95
Grunewald,2007_Q1,2466.72
Grunewald,2007_Q2,2449.75
Grunewald,2007_Q3,2437.32
Grunewald,2007_Q4,2427.3
Grunewald,2008_Q1,2415.19
Grunewald,2008_Q2,2416.16
Grunewald,2008_Q3,2420.03
Grunewald,2008_Q4,2423.68
Grunewald,2009_Q1,2423.57
Grunewald,2009_Q2,2436.8
Grunewald,2009_Q3,2454.37
Grunewald,2009_Q4,2472.55
Grunewald,2010_Q1,2485.59
Grunewald,2010_Q2,2508.68
Grunewald,2010_Q3,2531.69
Grunewald,2010_Q4,2552.16
Grunewald,2011_Q1,2567.59
Grunewald,2011_Q2,2597.55
Grunewald,2011_Q3,2634.01
Grunewald,2011_Q4,2674.07
Grunewald,2012_Q1,2712.03
Grunewald,2012_Q2,2764.29
Grunewald,2012_Q3,2819.1
Grunewald,2012_Q4,2872.25
Grunewald,2013_Q1,2918.93
Grunewald,2013_Q2,2979.38
Grunewald,2013_Q3,3042.84
Grunewald,2013_Q4,3104.63
Grunewald,2014_Q1,3157.45
Grunewald,2014_Q2,3220.69
Grunewald,2014_Q3,3281.84
Grunewald,2014_Q4,3338.03
Grunewald,2015_Q1,3386.38
Grunewald,2015_Q2,3453.24
Grunewald,2015_Q3,3528.89
Grunewald,2015_Q4,3610.18
Grunewald,2016_Q1,3690.05
Grunewald,2016_Q2,3791.44
Grunewald,2016_Q3,3898.99
Grunewald,2016_Q4,4007.26
Grunewald,2017_Q1,4109.66
Grunewald,2017_Q2,4234.71
Grunewald,2017_Q3,4367.34
Grunewald,2017_Q4,4500.52
Grunewald,2018_Q1,4622.99
Grunewald,2018_Q2,4762.16
Grunewald,2018_Q3,4898.79
Pankow,2007_Q1,1333.06
Pankow,2007_Q2,1329.34
Pankow,2007_Q3,1328.05
Pankow,2007_Q4,1328.04
Pankow,2008_Q1,1326.86
Pankow,2008_Q2,1332.86
Pankow,2008_Q3,1340.5
Pankow,2008_Q4,1348.05
Pankow,2009_Q1,1353.55
Pankow,2009_Q2,1366.54
Pankow,2009_Q3,1382.07
Pankow,2009_Q4,1398.04
Pankow,2010_Q1,1411.21
Pankow,2010_Q2,1430.19
Pankow,2010_Q3,1449.25
Pankow,2010_Q4,1466.99
Pankow,2011_Q1,1481.94
Pankow,2011_Q2,1505.42
Pankow,2011_Q3,1532.84
Pankow,2011_Q4,1562.56
Pankow,2012_Q1,1591.27
Pankow,2012_Q2,1628.62
Pankow,2012_Q3,1667.76
Pankow,2012_Q4,1706.2
Pankow,2013_Q1,1741.08
Pankow,2013_Q2,1784.46
Pankow,2013_Q3,1829.98
Pankow,2013_Q4,1874.83
Pankow,2014_Q1,1914.59
Pankow,2014_Q2,1960.98
Pankow,2014_Q3,2006.44
Pankow,2014_Q4,2049.21
Pankow,2015_Q1,2087.45
Pankow,2015_Q2,2137.44
Pankow,2015_Q3,2193.27
Pankow,2015_Q4,2253.04
Pankow,2016_Q1,2312.37
Pankow,2016_Q2,2385.7
Pankow,2016_Q3,2463.49
Pankow,2016_Q4,2542.32
Pankow,2017_Q1,2618.04
Pankow,2017_Q2,2708.81
Pankow,2017_Q3,2805.17
Pankow,2017_Q4,2902.62
Pankow,2018_Q1,2993.9
Pankow,2018_Q2,3096.73
Pankow,2018_Q3,3198.7
Lichterfelde,2007_Q1,1389.09
Lichterfelde,2007_Q2,1384.57
Lichterfelde,2007_Q3,1382.57
Lichterfelde,2007_Q4,1381.92
Lichterfelde,2008_Q1,1380.04
Lichterfelde,2008_Q2,1385.63
Lichterfelde,2008_Q3,1392.92
Lichterfelde,2008_Q4,1400.11
Lichterfelde,2009_Q1,1405.16
Lichterfelde,2009_Q2,1417.98
Lichterfelde,2009_Q3,1433.42
Lichterfelde,2009_Q4,1449.31
Lichterfelde,2010_Q1,1462.27
Lichterfelde,2010_Q2,1481.24
Lichterfelde,2010_Q3,1500.28
Lichterfelde,2010_Q4,1517.93
Lichterfelde,2011_Q1,1532.68
Lichterfelde,2011_Q2,1556.23
Lichterfelde,2011_Q3,1583.84
Lichterfelde,2011_Q4,1613.79
Lichterfelde,2012_Q1,1642.67
Lichterfelde,2012_Q2,1680.44
Lichterfelde,2012_Q3,1720.01
Lichterfelde,2012_Q4,1758.83
Lichterfelde,2013_Q1,1793.94
Lichterfelde,2013_Q2,1837.78
Lichterfelde,2013_Q3,1883.78
Lichterfelde,2013_Q4,1929.04
Lichterfelde,2014_Q1,1969.02
Lichterfelde,2014_Q2,2015.79
Lichterfelde,2014_Q3,2061.55
Lichterfelde,2014_Q4,2104.51
Lichterfelde,2015_Q1,2142.78
Lichterfelde,2015_Q2,2193.07
Lichterfelde,2015_Q3,2249.29
Lichterfelde,2015_Q4,2309.5
Lichterfelde,2016_Q1,2369.21
Lichterfelde,2016_Q2,2443.19
Lichterfelde,2016_Q3,2521.67
Lichterfelde,2016_Q4,2601.15
Lichterfelde,2017_Q1,2677.36
Lichterfelde,2017_Q2,2768.89
Lichterfelde,2017_Q3,2866.04
Lichterfelde,2017_Q4,2964.21
Lichterfelde,2018_Q1,3055.99
Lichterfelde,2018_Q2,3159.47
Lichterfelde,2018_Q3,3261.98
Dahlem,2007_Q1,1934.27
Dahlem,2007_Q2,1928.72
Dahlem,2007_Q3,1926.67
Dahlem,2007_Q4,1926.48
Dahlem,2008_Q1,1924.6
Dahlem,2008_Q2,1933.14
Dahlem,2008_Q3,1944.04
Dahlem,2008_Q4,1954.82
Dahlem,2009_Q1,1962.62
Dahlem,2009_Q2,1981.29
Dahlem,2009_Q3,2003.62
Dahlem,2009_Q4,2026.6
Dahlem,2010_Q1,2045.51
Dahlem,2010_Q2,2072.83
Dahlem,2010_Q3,2100.28
Dahlem,2010_Q4,2125.79
Dahlem,2011_Q1,2147.27
Dahlem,2011_Q2,2181.09
Dahlem,2011_Q3,2220.62
Dahlem,2011_Q4,2263.48
Dahlem,2012_Q1,2304.87
Dahlem,2012_Q2,2358.76
Dahlem,2012_Q3,2415.23
Dahlem,2012_Q4,2470.68
Dahlem,2013_Q1,2520.96
Dahlem,2013_Q2,2583.55
Dahlem,2013_Q3,2649.22
Dahlem,2013_Q4,2713.9
Dahlem,2014_Q1,2771.21
Dahlem,2014_Q2,2838.11
Dahlem,2014_Q3,2903.65
Dahlem,2014_Q4,2965.28
Dahlem,2015_Q1,3020.36
Dahlem,2015_Q2,3092.42
Dahlem,2015_Q3,3172.91
Dahlem,2015_Q4,3259.08
Dahlem,2016_Q1,3344.61
Dahlem,2016_Q2,3450.37
Dahlem,2016_Q3,3562.56
Dahlem,2016_Q4,3676.24
Dahlem,2017_Q1,3785.39
Dahlem,2017_Q2,3916.3
Dahlem,2017_Q3,4055.24
Dahlem,2017_Q4,4195.75
Dahlem,2018_Q1,4327.31
Dahlem,2018_Q2,4475.55
Dahlem,2018_Q3,4622.52
Schmargendorf,2007_Q1,1641.63
Schmargendorf,2007_Q2,1638.75
Schmargendorf,2007_Q3,1638.85
Schmargendorf,2007_Q4,1640.54
Schmargendorf,2008_Q1,1640.78
Schmargendorf,2008_Q2,1649.91
Schmargendorf,2008_Q3,1661.09
Schmargendorf,2008_Q4,1672.18
Schmargendorf,2009_Q1,1680.73
Schmargendorf,2009_Q2,1698.63
Schmargendorf,2009_Q3,1719.71
Schmargendorf,2009_Q4,1741.39
Schmargendorf,2010_Q1,1759.62
Schmargendorf,2010_Q2,1785.13
Schmargendorf,2010_Q3,1810.8
Schmargendorf,2010_Q4,1834.86
Schmargendorf,2011_Q1,1855.48
Schmargendorf,2011_Q2,1886.83
Schmargendorf,2011_Q3,1923.19
Schmargendorf,2011_Q4,1962.52
Schmargendorf,2012_Q1,2000.65
Schmargendorf,2012_Q2,2049.73
Schmargendorf,2012_Q3,2101.16
Schmargendorf,2012_Q4,2151.82
Schmargendorf,2013_Q1,2198.08
Schmargendorf,2013_Q2,2255.19
Schmargendorf,2013_Q3,2315.11
Schmargendorf,2013_Q4,2374.31
Schmargendorf,2014_Q1,2427.17
Schmargendorf,2014_Q2,2488.56
Schmargendorf,2014_Q3,2548.9
Schmargendorf,2014_Q4,2605.92
Schmargendorf,2015_Q1,2657.31
Schmargendorf,2015_Q2,2723.77
Schmargendorf,2015_Q3,2797.81
Schmargendorf,2015_Q4,2877.03
Schmargendorf,2016_Q1,2955.86
Schmargendorf,2016_Q2,3052.76
Schmargendorf,2016_Q3,3155.56
Schmargendorf,2016_Q4,3259.92
Schmargendorf,2017_Q1,3360.48
Schmargendorf,2017_Q2,3480.61
Schmargendorf,2017_Q3,3608.15
Schmargendorf,2017_Q4,3737.37
Schmargendorf,2018_Q1,3858.89
Schmargendorf,2018_Q2,3995.57
Schmargendorf,2018_Q3,4131.43
Lankwitz,2007_Q1,1235.41
Lankwitz,2007_Q2,1232.1
Lankwitz,2007_Q3,1231.03
Lankwitz,2007_Q4,1231.16
Lankwitz,2008_Q1,1230.19
Lankwitz,2008_Q2,1235.89
Lankwitz,2008_Q3,1243.11
Lankwitz,2008_Q4,1250.25
Lankwitz,2009_Q1,1255.48
Lankwitz,2009_Q2,1267.68
Lankwitz,2009_Q3,1282.22
Lankwitz,2009_Q4,1297.18
Lankwitz,2010_Q1,1309.54
Lankwitz,2010_Q2,1327.29
Lankwitz,2010_Q3,1345.13
Lankwitz,2010_Q4,1361.74
Lankwitz,2011_Q1,1375.77
Lankwitz,2011_Q2,1397.71
Lankwitz,2011_Q3,1423.32
Lankwitz,2011_Q4,1451.08
Lankwitz,2012_Q1,1477.9
Lankwitz,2012_Q2,1512.76
Lankwitz,2012_Q3,1549.28
Lankwitz,2012_Q4,1585.16
Lankwitz,2013_Q1,1617.74
Lankwitz,2013_Q2,1658.23
Lankwitz,2013_Q3,1700.71
Lankwitz,2013_Q4,1742.57
Lankwitz,2014_Q1,1779.72
Lankwitz,2014_Q2,1823.04
Lankwitz,2014_Q3,1865.51
Lankwitz,2014_Q4,1905.48
Lankwitz,2015_Q1,1941.25
Lankwitz,2015_Q2,1987.96
Lankwitz,2015_Q3,2040.1
Lankwitz,2015_Q4,2095.92
Lankwitz,2016_Q1,2151.35
Lankwitz,2016_Q2,2219.81
Lankwitz,2016_Q3,2292.44
Lankwitz,2016_Q4,2366.06
Lankwitz,2017_Q1,2436.79
Lankwitz,2017_Q2,2521.55
Lankwitz,2017_Q3,2611.53
Lankwitz,2017_Q4,2702.55
Lankwitz,2018_Q1,2787.83
Lankwitz,2018_Q2,2883.9
Lankwitz,2018_Q3,2979.19
Treptow,2007_Q1,1331.97
Treptow,2007_Q2,1331.59
Treptow,2007_Q3,1333.63
Treptow,2007_Q4,1336.96
Treptow,2008_Q1,1339.12
Treptow,2008_Q2,1348.55
Treptow,2008_Q3,1359.68
Treptow,2008_Q4,1370.77
Treptow,2009_Q1,1379.81
Treptow,2009_Q2,1396.55
Treptow,2009_Q3,1415.96
Treptow,2009_Q4,1435.91
Treptow,2010_Q1,1453.07
Treptow,2010_Q2,1476.31
Treptow,2010_Q3,1499.74
Treptow,2010_Q4,1521.89
Treptow,2011_Q1,1541.26
Treptow,2011_Q2,1569.6
Treptow,2011_Q3,1602.2
Treptow,2011_Q4,1637.36
Treptow,2012_Q1,1671.63
Treptow,2012_Q2,1715.16
Treptow,2012_Q3,1760.77
Treptow,2012_Q4,1805.87
Treptow,2013_Q1,1847.41
Treptow,2013_Q2,1898.19
Treptow,2013_Q3,1951.49
Treptow,2013_Q4,2004.32
Treptow,2014_Q1,2051.96
Treptow,2014_Q2,2106.95
Treptow,2014_Q3,2161.2
Treptow,2014_Q4,2212.8
Treptow,2015_Q1,2259.75
Treptow,2015_Q2,2319.67
Treptow,2015_Q3,2386.22
Treptow,2015_Q4,2457.39
Treptow,2016_Q1,2528.43
Treptow,2016_Q2,2615.15
Treptow,2016_Q3,2707.19
Treptow,2016_Q4,2800.83
Treptow,2017_Q1,2891.47
Treptow,2017_Q2,2999.23
Treptow,2017_Q3,3113.7
Treptow,2017_Q4,3229.95
Treptow,2018_Q1,3339.87
Treptow,2018_Q2,3463.24
Treptow,2018_Q3,3586.25
Mariendorf,2007_Q1,1121.08
Mariendorf,2007_Q2,1119.61
Mariendorf,2007_Q3,1120.16
Mariendorf,2007_Q4,1121.81
Mariendorf,2008_Q1,1122.46
Mariendorf,2008_Q2,1129.21
Mariendorf,2008_Q3,1137.35
Mariendorf,2008_Q4,1145.45
Mariendorf,2009_Q1,1151.81
Mariendorf,2009_Q2,1164.59
Mariendorf,2009_Q3,1179.56
Mariendorf,2009_Q4,1194.95
Mariendorf,2010_Q1,1207.98
Mariendorf,2010_Q2,1226.04
Mariendorf,2010_Q3,1244.21
Mariendorf,2010_Q4,1261.3
Mariendorf,2011_Q1,1276.03
Mariendorf,2011_Q2,1298.16
Mariendorf,2011_Q3,1323.75
Mariendorf,2011_Q4,1351.41
Mariendorf,2012_Q1,1378.27
Mariendorf,2012_Q2,1412.71
Mariendorf,2012_Q3,1448.79
Mariendorf,2012_Q4,1484.36
Mariendorf,2013_Q1,1516.94
Mariendorf,2013_Q2,1557.03
Mariendorf,2013_Q3,1599.11
Mariendorf,2013_Q4,1640.71
Mariendorf,2014_Q1,1677.98
Mariendorf,2014_Q2,1721.17
Mariendorf,2014_Q3,1763.67
Mariendorf,2014_Q4,1803.92
Mariendorf,2015_Q1,1840.3
Mariendorf,2015_Q2,1887.15
Mariendorf,2015_Q3,1939.3
Mariendorf,2015_Q4,1995.08
Mariendorf,2016_Q1,2050.64
Mariendorf,2016_Q2,2118.79
Mariendorf,2016_Q3,2191.1
Mariendorf,2016_Q4,2264.56
Mariendorf,2017_Q1,2335.44
Mariendorf,2017_Q2,2419.98
Mariendorf,2017_Q3,2509.76
Mariendorf,2017_Q4,2600.78
Mariendorf,2018_Q1,2686.52
Mariendorf,2018_Q2,2782.89
Mariendorf,2018_Q3,2878.77
Weißensee,2007_Q1,1262.7
Weißensee,2007_Q2,1259.05
Weißensee,2007_Q3,1257.69
Weißensee,2007_Q4,1257.55
Weißensee,2008_Q1,1256.3
Weißensee,2008_Q2,1261.85
Weißensee,2008_Q3,1268.95
Weißensee,2008_Q4,1275.96
Weißensee,2009_Q1,1281.03
Weißensee,2009_Q2,1293.19
Weißensee,2009_Q3,1307.75
Weißensee,2009_Q4,1322.72
Weißensee,2010_Q1,1335.04
Weißensee,2010_Q2,1352.85
Weißensee,2010_Q3,1370.73
Weißensee,2010_Q4,1387.36
Weißensee,2011_Q1,1401.36
Weißensee,2011_Q2,1423.4
Weißensee,2011_Q3,1449.18
Weißensee,2011_Q4,1477.12
Weißensee,2012_Q1,1504.1
Weißensee,2012_Q2,1539.24
Weißensee,2012_Q3,1576.07
Weißensee,2012_Q4,1612.22
Weißensee,2013_Q1,1645.0
Weißensee,2013_Q2,1685.82
Weißensee,2013_Q3,1728.63
Weißensee,2013_Q4,1770.81
Weißensee,2014_Q1,1808.17
Weißensee,2014_Q2,1851.79
Weißensee,2014_Q3,1894.52
Weißensee,2014_Q4,1934.7
Weißensee,2015_Q1,1970.6
Weißensee,2015_Q2,2017.58
Weißensee,2015_Q3,2070.05
Weißensee,2015_Q4,2126.24
Weißensee,2016_Q1,2182.0
Weißensee,2016_Q2,2250.96
Weißensee,2016_Q3,2324.1
Weißensee,2016_Q4,2398.22
Weißensee,2017_Q1,2469.39
Weißensee,2017_Q2,2554.74
Weißensee,2017_Q3,2645.33
Weißensee,2017_Q4,2736.94
Weißensee,2018_Q1,2822.71
Weißensee,2018_Q2,2919.35
Weißensee,2018_Q3,3015.17
Lichtenberg,2007_Q1,1182.12
Lichtenberg,2007_Q2,1180.84
Lichtenberg,2007_Q3,1181.7
Lichtenberg,2007_Q4,1183.71
Lichtenberg,2008_Q1,1184.68
Lichtenberg,2008_Q2,1192.07
Lichtenberg,2008_Q3,1200.95
Lichtenberg,2008_Q4,1209.78
Lichtenberg,2009_Q1,1216.78
Lichtenberg,2009_Q2,1230.57
Lichtenberg,2009_Q3,1246.67
Lichtenberg,2009_Q4,1263.23
Lichtenberg,2010_Q1,1277.31
Lichtenberg,2010_Q2,1296.7
Lichtenberg,2010_Q3,1316.23
Lichtenberg,2010_Q4,1334.61
Lichtenberg,2011_Q1,1350.52
Lichtenberg,2011_Q2,1374.25
Lichtenberg,2011_Q3,1401.67
Lichtenberg,2011_Q4,1431.29
Lichtenberg,2012_Q1,1460.08
Lichtenberg,2012_Q2,1496.91
Lichtenberg,2012_Q3,1535.49
Lichtenberg,2012_Q4,1573.57
Lichtenberg,2013_Q1,1608.48
Lichtenberg,2013_Q2,1651.37
Lichtenberg,2013_Q3,1696.38
Lichtenberg,2013_Q4,1740.92
Lichtenberg,2014_Q1,1780.88
Lichtenberg,2014_Q2,1827.15
Lichtenberg,2014_Q3,1872.7
Lichtenberg,2014_Q4,1915.88
Lichtenberg,2015_Q1,1954.97
Lichtenberg,2015_Q2,2005.21
Lichtenberg,2015_Q3,2061.1
Lichtenberg,2015_Q4,2120.88
Lichtenberg,2016_Q1,2180.45
Lichtenberg,2016_Q2,2253.44
Lichtenberg,2016_Q3,2330.88
Lichtenberg,2016_Q4,2409.58
Lichtenberg,2017_Q1,2485.58
Lichtenberg,2017_Q2,2576.16
Lichtenberg,2017_Q3,2672.35
Lichtenberg,2017_Q4,2769.91
Lichtenberg,2018_Q1,2861.89
Lichtenberg,2018_Q2,2965.24
Lichtenberg,2018_Q3,3068.12
Wannsee,2007_Q1,1833.03
Wannsee,2007_Q2,1821.4
Wannsee,2007_Q3,1813.12
Wannsee,2007_Q4,1806.64
Wannsee,2008_Q1,1798.59
Wannsee,2008_Q2,1800.27
Wannsee,2008_Q3,1804.12
Wannsee,2008_Q4,1807.81
Wannsee,2009_Q1,1808.7
Wannsee,2009_Q2,1819.54
Wannsee,2009_Q3,1833.65
Wannsee,2009_Q4,1848.22
Wannsee,2010_Q1,1858.96
Wannsee,2010_Q2,1877.24
Wannsee,2010_Q3,1895.46
Wannsee,2010_Q4,1911.81
Wannsee,2011_Q1,1924.4
Wannsee,2011_Q2,1947.9
Wannsee,2011_Q3,1976.3
Wannsee,2011_Q4,2007.43
Wannsee,2012_Q1,2037.02
Wannsee,2012_Q2,2077.39
Wannsee,2012_Q3,2119.71
Wannsee,2012_Q4,2160.83
Wannsee,2013_Q1,2197.12
Wannsee,2013_Q2,2243.83
Wannsee,2013_Q3,2292.85
Wannsee,2013_Q4,2340.65
Wannsee,2014_Q1,2381.76
Wannsee,2014_Q2,2430.76
Wannsee,2014_Q3,2478.24
Wannsee,2014_Q4,2522.02
Wannsee,2015_Q1,2559.92
Wannsee,2015_Q2,2611.86
Wannsee,2015_Q3,2670.51
Wannsee,2015_Q4,2733.49
Wannsee,2016_Q1,2795.46
Wannsee,2016_Q2,2873.81
Wannsee,2016_Q3,2956.91
Wannsee,2016_Q4,3040.64
Wannsee,2017_Q1,3120.02
Wannsee,2017_Q2,3216.67
Wannsee,2017_Q3,3319.19
Wannsee,2017_Q4,3422.25
Wannsee,2018_Q1,3517.26
Wannsee,2018_Q2,3625.08
Wannsee,2018_Q3,3731.08
Nikolassee,2007_Q1,1689.59
Nikolassee,2007_Q2,1681.36
Nikolassee,2007_Q3,1676.21
Nikolassee,2007_Q4,1672.69
Nikolassee,2008_Q1,1667.71
Nikolassee,2008_Q2,1671.75
Nikolassee,2008_Q3,1677.81
Nikolassee,2008_Q4,1683.73
Nikolassee,2009_Q1,1687.06
Nikolassee,2009_Q2,1699.69
Nikolassee,2009_Q3,1715.41
Nikolassee,2009_Q4,1731.6
Nikolassee,2010_Q1,1744.26
Nikolassee,2010_Q2,1764.02
Nikolassee,2010_Q3,1783.79
Nikolassee,2010_Q4,1801.84
Nikolassee,2011_Q1,1816.4
Nikolassee,2011_Q2,1841.31
Nikolassee,2011_Q3,1870.93
Nikolassee,2011_Q4,1903.22
Nikolassee,2012_Q1,1934.13
Nikolassee,2012_Q2,1975.39
Nikolassee,2012_Q3,2018.62
Nikolassee,2012_Q4,2060.83
Nikolassee,2013_Q1,2098.56
Nikolassee,2013_Q2,2146.35
Nikolassee,2013_Q3,2196.49
Nikolassee,2013_Q4,2245.61
Nikolassee,2014_Q1,2288.44
Nikolassee,2014_Q2,2338.99
Nikolassee,2014_Q3,2388.21
Nikolassee,2014_Q4,2434.01
Nikolassee,2015_Q1,2474.25
Nikolassee,2015_Q2,2528.2
Nikolassee,2015_Q3,2588.81
Nikolassee,2015_Q4,2653.79
Nikolassee,2016_Q1,2717.98
Nikolassee,2016_Q2,2798.3
Nikolassee,2016_Q3,2883.49
Nikolassee,2016_Q4,2969.55
Nikolassee,2017_Q1,3051.58
Nikolassee,2017_Q2,3150.79
Nikolassee,2017_Q3,3256.03
Nikolassee,2017_Q4,3362.11
Nikolassee,2018_Q1,3460.57
Nikolassee,2018_Q2,3571.95
Nikolassee,2018_Q3,3681.85
Reinickendorf,2007_Q1,979.47
Reinickendorf,2007_Q2,979.71
Reinickendorf,2007_Q3,981.73
Reinickendorf,2007_Q4,984.7
Reinickendorf,2008_Q1,986.82
Reinickendorf,2008_Q2,994.3
Reinickendorf,2008_Q3,1003.03
Reinickendorf,2008_Q4,1011.75
Reinickendorf,2009_Q1,1018.96
Reinickendorf,2009_Q2,1031.87
Reinickendorf,2009_Q3,1046.77
Reinickendorf,2009_Q4,1062.08
Reinickendorf,2010_Q1,1075.34
Reinickendorf,2010_Q2,1093.12
Reinickendorf,2010_Q3,1111.05
Reinickendorf,2010_Q4,1128.06
Reinickendorf,2011_Q1,1143.03
Reinickendorf,2011_Q2,1164.66
Reinickendorf,2011_Q3,1189.48
Reinickendorf,2011_Q4,1216.23
Reinickendorf,2012_Q1,1242.34
Reinickendorf,2012_Q2,1275.36
Reinickendorf,2012_Q3,1309.98
Reinickendorf,2012_Q4,1344.24
Reinickendorf,2013_Q1,1375.89
Reinickendorf,2013_Q2,1414.46
Reinickendorf,2013_Q3,1454.95
Reinickendorf,2013_Q4,1495.13
Reinickendorf,2014_Q1,1531.48
Reinickendorf,2014_Q2,1573.35
Reinickendorf,2014_Q3,1614.72
Reinickendorf,2014_Q4,1654.15
Reinickendorf,2015_Q1,1690.14
Reinickendorf,2015_Q2,1735.88
Reinickendorf,2015_Q3,1786.63
Reinickendorf,2015_Q4,1840.89
Reinickendorf,2016_Q1,1895.11
Reinickendorf,2016_Q2,1961.15
Reinickendorf,2016_Q3,2031.25
Reinickendorf,2016_Q4,2102.62
Reinickendorf,2017_Q1,2171.82
Reinickendorf,2017_Q2,2253.95
Reinickendorf,2017_Q3,2341.22
Reinickendorf,2017_Q4,2429.91
Reinickendorf,2018_Q1,2513.94
Reinickendorf,2018_Q2,2608.19
Reinickendorf,2018_Q3,2702.26
Britz,2007_Q1,1186.92
Britz,2007_Q2,1186.93
Britz,2007_Q3,1189.09
Britz,2007_Q4,1192.4
Britz,2008_Q1,1194.67
Britz,2008_Q2,1203.43
Britz,2008_Q3,1213.71
Britz,2008_Q4,1223.96
Britz,2009_Q1,1232.39
Britz,2009_Q2,1247.7
Britz,2009_Q3,1265.41
Britz,2009_Q4,1283.61
Britz,2010_Q1,1299.32
Britz,2010_Q2,1320.48
Britz,2010_Q3,1341.82
Britz,2010_Q4,1362.04
Britz,2011_Q1,1379.77
Britz,2011_Q2,1405.54
Britz,2011_Q3,1435.15
Britz,2011_Q4,1467.06
Britz,2012_Q1,1498.2
Britz,2012_Q2,1537.65
Britz,2012_Q3,1579.0
Britz,2012_Q4,1619.91
Britz,2013_Q1,1657.65
Britz,2013_Q2,1703.7
Britz,2013_Q3,1752.05
Britz,2013_Q4,1800.0
Britz,2014_Q1,1843.31
Britz,2014_Q2,1893.26
Britz,2014_Q3,1942.57
Britz,2014_Q4,1989.51
Britz,2015_Q1,2032.31
Britz,2015_Q2,2086.8
Britz,2015_Q3,2147.29
Britz,2015_Q4,2211.97
Britz,2016_Q1,2276.57
Britz,2016_Q2,2355.33
Britz,2016_Q3,2438.93
Britz,2016_Q4,2524.01
Britz,2017_Q1,2606.45
Britz,2017_Q2,2704.37
Britz,2017_Q3,2808.39
Britz,2017_Q4,2914.08
Britz,2018_Q1,3014.12
Britz,2018_Q2,3126.36
Britz,2018_Q3,3238.34
Lichtenrade,2007_Q1,1264.3
Lichtenrade,2007_Q2,1256.45
Lichtenrade,2007_Q3,1250.92
Lichtenrade,2007_Q4,1246.62
Lichtenrade,2008_Q1,1241.24
Lichtenrade,2008_Q2,1242.58
Lichtenrade,2008_Q3,1245.41
Lichtenrade,2008_Q4,1248.13
Lichtenrade,2009_Q1,1248.92
Lichtenrade,2009_Q2,1256.59
Lichtenrade,2009_Q3,1266.51
Lichtenrade,2009_Q4,1276.75
Lichtenrade,2010_Q1,1284.35
Lichtenrade,2010_Q2,1297.16
Lichtenrade,2010_Q3,1309.94
Lichtenrade,2010_Q4,1321.43
Lichtenrade,2011_Q1,1330.32
Lichtenrade,2011_Q2,1346.75
Lichtenrade,2011_Q3,1366.58
Lichtenrade,2011_Q4,1388.3
Lichtenrade,2012_Q1,1408.96
Lichtenrade,2012_Q2,1437.08
Lichtenrade,2012_Q3,1466.57
Lichtenrade,2012_Q4,1495.23
Lichtenrade,2013_Q1,1520.56
Lichtenrade,2013_Q2,1553.1
Lichtenrade,2013_Q3,1587.25
Lichtenrade,2013_Q4,1620.58
Lichtenrade,2014_Q1,1649.27
Lichtenrade,2014_Q2,1683.43
Lichtenrade,2014_Q3,1716.56
Lichtenrade,2014_Q4,1747.13
Lichtenrade,2015_Q1,1773.63
Lichtenrade,2015_Q2,1809.88
Lichtenrade,2015_Q3,1850.78
Lichtenrade,2015_Q4,1894.69
Lichtenrade,2016_Q1,1937.92
Lichtenrade,2016_Q2,1992.51
Lichtenrade,2016_Q3,2050.42
Lichtenrade,2016_Q4,2108.78
Lichtenrade,2017_Q1,2164.13
Lichtenrade,2017_Q2,2231.49
Lichtenrade,2017_Q3,2302.94
Lichtenrade,2017_Q4,2374.77
Lichtenrade,2018_Q1,2441.05
Lichtenrade,2018_Q2,2516.23
Lichtenrade,2018_Q3,2590.17
Marienfelde,2007_Q1,1105.0
Marienfelde,2007_Q2,1101.99
Marienfelde,2007_Q3,1100.98
Marienfelde,2007_Q4,1101.04
Marienfelde,2008_Q1,1100.12
Marienfelde,2008_Q2,1105.17
Marienfelde,2008_Q3,1111.57
Marienfelde,2008_Q4,1117.9
Marienfelde,2009_Q1,1122.52
Marienfelde,2009_Q2,1133.37
Marienfelde,2009_Q3,1146.31
Marienfelde,2009_Q4,1159.63
Marienfelde,2010_Q1,1170.62
Marienfelde,2010_Q2,1186.43
Marienfelde,2010_Q3,1202.32
Marienfelde,2010_Q4,1217.1
Marienfelde,2011_Q1,1229.58
Marienfelde,2011_Q2,1249.13
Marienfelde,2011_Q3,1271.96
Marienfelde,2011_Q4,1296.7
Marienfelde,2012_Q1,1320.61
Marienfelde,2012_Q2,1351.69
Marienfelde,2012_Q3,1384.25
Marienfelde,2012_Q4,1416.24
Marienfelde,2013_Q1,1445.28
Marienfelde,2013_Q2,1481.38
Marienfelde,2013_Q3,1519.25
Marienfelde,2013_Q4,1556.58
Marienfelde,2014_Q1,1589.68
Marienfelde,2014_Q2,1628.3
Marienfelde,2014_Q3,1666.15
Marienfelde,2014_Q4,1701.76
Marienfelde,2015_Q1,1733.63
Marienfelde,2015_Q2,1775.25
Marienfelde,2015_Q3,1821.73
Marienfelde,2015_Q4,1871.48
Marienfelde,2016_Q1,1920.88
Marienfelde,2016_Q2,1981.91
Marienfelde,2016_Q3,2046.65
Marienfelde,2016_Q4,2112.27
Marienfelde,2017_Q1,2175.31
Marienfelde,2017_Q2,2250.87
Marienfelde,2017_Q3,2331.07
Marienfelde,2017_Q4,2412.2
Marienfelde,2018_Q1,2488.2
Marienfelde,2018_Q2,2573.81
Marienfelde,2018_Q3,2658.73
Spandau,2007_Q1,1050.78
Spandau,2007_Q2,1046.12
Spandau,2007_Q3,1043.38
Spandau,2007_Q4,1041.65
Spandau,2008_Q1,1039.01
Spandau,2008_Q2,1041.99
Spandau,2008_Q3,1046.23
Spandau,2008_Q4,1050.39
Spandau,2009_Q1,1052.93
Spandau,2009_Q2,1061.29
Spandau,2009_Q3,1071.58
Spandau,2009_Q4,1082.18
Spandau,2010_Q1,1090.57
Spandau,2010_Q2,1103.42
Spandau,2010_Q3,1116.28
Spandau,2010_Q4,1128.08
Spandau,2011_Q1,1137.7
Spandau,2011_Q2,1153.81
Spandau,2011_Q3,1172.89
Spandau,2011_Q4,1193.66
Spandau,2012_Q1,1213.59
Spandau,2012_Q2,1240.03
Spandau,2012_Q3,1267.73
Spandau,2012_Q4,1294.82
Spandau,2013_Q1,1319.11
Spandau,2013_Q2,1349.75
Spandau,2013_Q3,1381.89
Spandau,2013_Q4,1413.43
Spandau,2014_Q1,1441.02
Spandau,2014_Q2,1473.5
Spandau,2014_Q3,1505.18
Spandau,2014_Q4,1534.73
Spandau,2015_Q1,1560.79
Spandau,2015_Q2,1595.54
Spandau,2015_Q3,1634.51
Spandau,2015_Q4,1676.28
Spandau,2016_Q1,1717.59
Spandau,2016_Q2,1769.14
Spandau,2016_Q3,1823.81
Spandau,2016_Q4,1879.07
Spandau,2017_Q1,1931.84
Spandau,2017_Q2,1995.53
Spandau,2017_Q3,2063.1
Spandau,2017_Q4,2131.26
Spandau,2018_Q1,2194.65
Spandau,2018_Q2,2266.29
Spandau,2018_Q3,2337.06
Tegel,2007_Q1,1293.92
Tegel,2007_Q2,1287.71
Tegel,2007_Q3,1283.85
Tegel,2007_Q4,1281.26
Tegel,2008_Q1,1277.53
Tegel,2008_Q2,1280.72
Tegel,2008_Q3,1285.45
Tegel,2008_Q4,1290.09
Tegel,2009_Q1,1292.73
Tegel,2009_Q2,1302.51
Tegel,2009_Q3,1314.64
Tegel,2009_Q4,1327.15
Tegel,2010_Q1,1336.95
Tegel,2010_Q2,1352.19
Tegel,2010_Q3,1367.45
Tegel,2010_Q4,1381.39
Tegel,2011_Q1,1392.65
Tegel,2011_Q2,1411.85
Tegel,2011_Q3,1434.66
Tegel,2011_Q4,1459.53
Tegel,2012_Q1,1483.34
Tegel,2012_Q2,1515.1
Tegel,2012_Q3,1548.37
Tegel,2012_Q4,1580.86
Tegel,2013_Q1,1609.92
Tegel,2013_Q2,1646.7
Tegel,2013_Q3,1685.29
Tegel,2013_Q4,1723.11
Tegel,2014_Q1,1756.1
Tegel,2014_Q2,1795.01
Tegel,2014_Q3,1832.92
Tegel,2014_Q4,1868.21
Tegel,2015_Q1,1899.23
Tegel,2015_Q2,1940.79
Tegel,2015_Q3,1987.46
Tegel,2015_Q4,2037.49
Tegel,2016_Q1,2086.93
Tegel,2016_Q2,2148.75
Tegel,2016_Q3,2214.33
Tegel,2016_Q4,2280.58
Tegel,2017_Q1,2343.76
Tegel,2017_Q2,2420.13
Tegel,2017_Q3,2501.15
Tegel,2017_Q4,2582.81
Tegel,2018_Q1,2658.65
Tegel,2018_Q2,2744.42
Tegel,2018_Q3,2829.06
Köpenick,2007_Q1,1284.58
Köpenick,2007_Q2,1277.41
Köpenick,2007_Q3,1272.59
Köpenick,2007_Q4,1269.01
Köpenick,2008_Q1,1264.33
Köpenick,2008_Q2,1266.49
Köpenick,2008_Q3,1270.17
Köpenick,2008_Q4,1273.75
Köpenick,2009_Q1,1275.36
Köpenick,2009_Q2,1283.99
Köpenick,2009_Q3,1294.94
Köpenick,2009_Q4,1306.24
Köpenick,2010_Q1,1314.84
Köpenick,2010_Q2,1328.79
Köpenick,2010_Q3,1342.73
Köpenick,2010_Q4,1355.35
Köpenick,2011_Q1,1365.33
Köpenick,2011_Q2,1383.07
Köpenick,2011_Q3,1404.31
Köpenick,2011_Q4,1427.53
Köpenick,2012_Q1,1449.68
Köpenick,2012_Q2,1479.55
Köpenick,2012_Q3,1510.86
Köpenick,2012_Q4,1541.35
Köpenick,2013_Q1,1568.45
Köpenick,2013_Q2,1603.03
Köpenick,2013_Q3,1639.31
Köpenick,2013_Q4,1674.78
Köpenick,2014_Q1,1705.5
Köpenick,2014_Q2,1741.93
Köpenick,2014_Q3,1777.32
Köpenick,2014_Q4,1810.11
Köpenick,2015_Q1,1838.73
Köpenick,2015_Q2,1877.48
Köpenick,2015_Q3,1921.12
Köpenick,2015_Q4,1967.94
Köpenick,2016_Q1,2014.1
Köpenick,2016_Q2,2072.15
Köpenick,2016_Q3,2133.71
Köpenick,2016_Q4,2195.82
Köpenick,2017_Q1,2254.88
Köpenick,2017_Q2,2326.52
Köpenick,2017_Q3,2402.52
Köpenick,2017_Q4,2479.02
Köpenick,2018_Q1,2549.81
Köpenick,2018_Q2,2630.0
Köpenick,2018_Q3,2708.99
Buckow,2007_Q1,1115.18
Buckow,2007_Q2,1111.34
Buckow,2007_Q3,1109.53
Buckow,2007_Q4,1108.79
Buckow,2008_Q1,1107.08
Buckow,2008_Q2,1111.35
Buckow,2008_Q3,1116.99
Buckow,2008_Q4,1122.54
Buckow,2009_Q1,1126.38
Buckow,2009_Q2,1136.44
Buckow,2009_Q3,1148.6
Buckow,2009_Q4,1161.11
Buckow,2010_Q1,1171.28
Buckow,2010_Q2,1186.25
Buckow,2010_Q3,1201.27
Buckow,2010_Q4,1215.17
Buckow,2011_Q1,1226.75
Buckow,2011_Q2,1245.36
Buckow,2011_Q3,1267.21
Buckow,2011_Q4,1290.94
Buckow,2012_Q1,1313.79
Buckow,2012_Q2,1343.75
Buckow,2012_Q3,1375.13
Buckow,2012_Q4,1405.9
Buckow,2013_Q1,1433.7
Buckow,2013_Q2,1468.46
Buckow,2013_Q3,1504.92
Buckow,2013_Q4,1540.79
Buckow,2014_Q1,1572.43
Buckow,2014_Q2,1609.48
Buckow,2014_Q3,1645.71
Buckow,2014_Q4,1679.68
Buckow,2015_Q1,1709.9
Buckow,2015_Q2,1749.7
Buckow,2015_Q3,1794.22
Buckow,2015_Q4,1841.9
Buckow,2016_Q1,1889.17
Buckow,2016_Q2,1947.79
Buckow,2016_Q3,2009.98
Buckow,2016_Q4,2072.94
Buckow,2017_Q1,2133.27
Buckow,2017_Q2,2205.79
Buckow,2017_Q3,2282.74
Buckow,2017_Q4,2360.5
Buckow,2018_Q1,2433.12
Buckow,2018_Q2,2515.04
Buckow,2018_Q3,2596.15
Baumschulenweg,2007_Q1,1129.28
Baumschulenweg,2007_Q2,1123.52
Baumschulenweg,2007_Q3,1119.82
Baumschulenweg,2007_Q4,1117.21
Baumschulenweg,2008_Q1,1113.62
Baumschulenweg,2008_Q2,1116.06
Baumschulenweg,2008_Q3,1119.85
Baumschulenweg,2008_Q4,1123.54
Baumschulenweg,2009_Q1,1125.5
Baumschulenweg,2009_Q2,1133.66
Baumschulenweg,2009_Q3,1143.88
Baumschulenweg,2009_Q4,1154.41
Baumschulenweg,2010_Q1,1162.58
Baumschulenweg,2010_Q2,1175.47
Baumschulenweg,2010_Q3,1188.37
Baumschulenweg,2010_Q4,1200.12
Baumschulenweg,2011_Q1,1209.54
Baumschulenweg,2011_Q2,1225.84
Baumschulenweg,2011_Q3,1245.27
Baumschulenweg,2011_Q4,1266.47
Baumschulenweg,2012_Q1,1286.74
Baumschulenweg,2012_Q2,1313.88
Baumschulenweg,2012_Q3,1342.33
Baumschulenweg,2012_Q4,1370.08
Baumschulenweg,2013_Q1,1394.84
Baumschulenweg,2013_Q2,1426.27
Baumschulenweg,2013_Q3,1459.25
Baumschulenweg,2013_Q4,1491.54
Baumschulenweg,2014_Q1,1519.63
Baumschulenweg,2014_Q2,1552.84
Baumschulenweg,2014_Q3,1585.15
Baumschulenweg,2014_Q4,1615.17
Baumschulenweg,2015_Q1,1641.5
Baumschulenweg,2015_Q2,1676.9
Baumschulenweg,2015_Q3,1716.7
Baumschulenweg,2015_Q4,1759.38
Baumschulenweg,2016_Q1,1801.52
Baumschulenweg,2016_Q2,1854.33
Baumschulenweg,2016_Q3,1910.34
Baumschulenweg,2016_Q4,1966.9
Baumschulenweg,2017_Q1,2020.77
Baumschulenweg,2017_Q2,2085.97
Baumschulenweg,2017_Q3,2155.15
Baumschulenweg,2017_Q4,2224.85
Baumschulenweg,2018_Q1,2289.48
Baumschulenweg,2018_Q2,2362.61
Baumschulenweg,2018_Q3,2434.74
Plänterwald,2007_Q1,1247.4
Plänterwald,2007_Q2,1245.09
Plänterwald,2007_Q3,1245.04
Plänterwald,2007_Q4,1246.2
Plänterwald,2008_Q1,1246.26
Plänterwald,2008_Q2,1253.07
Plänterwald,2008_Q3,1261.43
Plänterwald,2008_Q4,1269.72
Plänterwald,2009_Q1,1276.09
Plänterwald,2009_Q2,1289.55
Plänterwald,2009_Q3,1305.43
Plänterwald,2009_Q4,1321.75
Plänterwald,2010_Q1,1335.45
Plänterwald,2010_Q2,1354.68
Plänterwald,2010_Q3,1374.02
Plänterwald,2010_Q4,1392.13
Plänterwald,2011_Q1,1407.64
Plänterwald,2011_Q2,1431.28
Plänterwald,2011_Q3,1458.71
Plänterwald,2011_Q4,1488.39
Plänterwald,2012_Q1,1517.16
Plänterwald,2012_Q2,1554.22
Plänterwald,2012_Q3,1593.06
Plänterwald,2012_Q4,1631.3
Plänterwald,2013_Q1,1666.21
Plänterwald,2013_Q2,1709.33
Plänterwald,2013_Q3,1754.57
Plänterwald,2013_Q4,1799.25
Plänterwald,2014_Q1,1839.13
Plänterwald,2014_Q2,1885.46
Plänterwald,2014_Q3,1930.97
Plänterwald,2014_Q4,1973.98
Plänterwald,2015_Q1,2012.7
Plänterwald,2015_Q2,2062.83
Plänterwald,2015_Q3,2118.69
Plänterwald,2015_Q4,2178.47
Plänterwald,2016_Q1,2237.93
Plänterwald,2016_Q2,2311.06
Plänterwald,2016_Q3,2388.64
Plänterwald,2016_Q4,2467.39
Plänterwald,2017_Q1,2543.25
Plänterwald,2017_Q2,2633.9
Plänterwald,2017_Q3,2730.14
Plänterwald,2017_Q4,2827.64
Plänterwald,2018_Q1,2919.28
Plänterwald,2018_Q2,3022.38
Plänterwald,2018_Q3,3124.83
Karlshorst,2007_Q1,1260.68
Karlshorst,2007_Q2,1260.08
Karlshorst,2007_Q3,1261.76
Karlshorst,2007_Q4,1264.67
Karlshorst,2008_Q1,1266.46
Karlshorst,2008_Q2,1275.14
Karlshorst,2008_Q3,1285.41
Karlshorst,2008_Q4,1295.64
Karlshorst,2009_Q1,1303.93
Karlshorst,2009_Q2,1319.49
Karlshorst,2009_Q3,1337.57
Karlshorst,2009_Q4,1356.15
Karlshorst,2010_Q1,1372.09
Karlshorst,2010_Q2,1393.76
Karlshorst,2010_Q3,1415.6
Karlshorst,2010_Q4,1436.24
Karlshorst,2011_Q1,1454.23
Karlshorst,2011_Q2,1480.68
Karlshorst,2011_Q3,1511.14
Karlshorst,2011_Q4,1544.0
Karlshorst,2012_Q1,1576.0
Karlshorst,2012_Q2,1616.73
Karlshorst,2012_Q3,1659.4
Karlshorst,2012_Q4,1701.57
Karlshorst,2013_Q1,1740.37
Karlshorst,2013_Q2,1787.86
Karlshorst,2013_Q3,1837.7
Karlshorst,2013_Q4,1887.09
Karlshorst,2014_Q1,1931.56
Karlshorst,2014_Q2,1982.94
Karlshorst,2014_Q3,2033.6
Karlshorst,2014_Q4,2081.74
Karlshorst,2015_Q1,2125.5
Karlshorst,2015_Q2,2181.44
Karlshorst,2015_Q3,2243.59
Karlshorst,2015_Q4,2310.05
Karlshorst,2016_Q1,2376.37
Karlshorst,2016_Q2,2457.39
Karlshorst,2016_Q3,2543.38
Karlshorst,2016_Q4,2630.84
Karlshorst,2017_Q1,2715.45
Karlshorst,2017_Q2,2816.1
Karlshorst,2017_Q3,2923.01
Karlshorst,2017_Q4,3031.55
Karlshorst,2018_Q1,3134.11
Karlshorst,2018_Q2,3249.25
Karlshorst,2018_Q3,3364.01
Rudow,2007_Q1,1205.47
Rudow,2007_Q2,1198.98
Rudow,2007_Q3,1194.69
Rudow,2007_Q4,1191.57
Rudow,2008_Q1,1187.41
Rudow,2008_Q2,1189.68
Rudow,2008_Q3,1193.38
Rudow,2008_Q4,1196.97
Rudow,2009_Q1,1198.72
Rudow,2009_Q2,1207.08
Rudow,2009_Q3,1217.62
Rudow,2009_Q4,1228.48
Rudow,2010_Q1,1236.82
Rudow,2010_Q2,1250.19
Rudow,2010_Q3,1263.56
Rudow,2010_Q4,1275.69
Rudow,2011_Q1,1285.34
Rudow,2011_Q2,1302.29
Rudow,2011_Q3,1322.56
Rudow,2011_Q4,1344.7
Rudow,2012_Q1,1365.84
Rudow,2012_Q2,1394.26
Rudow,2012_Q3,1424.04
Rudow,2012_Q4,1453.07
Rudow,2013_Q1,1478.91
Rudow,2013_Q2,1511.81
Rudow,2013_Q3,1546.34
Rudow,2013_Q4,1580.11
Rudow,2014_Q1,1609.42
Rudow,2014_Q2,1644.12
Rudow,2014_Q3,1677.86
Rudow,2014_Q4,1709.16
Rudow,2015_Q1,1736.52
Rudow,2015_Q2,1773.48
Rudow,2015_Q3,1815.06
Rudow,2015_Q4,1859.67
Rudow,2016_Q1,1903.67
Rudow,2016_Q2,1958.92
Rudow,2016_Q3,2017.52
Rudow,2016_Q4,2076.67
Rudow,2017_Q1,2132.94
Rudow,2017_Q2,2201.15
Rudow,2017_Q3,2273.51
Rudow,2017_Q4,2346.37
Rudow,2018_Q1,2413.85
Rudow,2018_Q2,2490.25
Rudow,2018_Q3,2565.56
Adlershof,2007_Q1,1143.48
Adlershof,2007_Q2,1138.87
Adlershof,2007_Q3,1136.35
Adlershof,2007_Q4,1134.93
Adlershof,2008_Q1,1132.51
Adlershof,2008_Q2,1136.21
Adlershof,2008_Q3,1141.3
Adlershof,2008_Q4,1146.3
Adlershof,2009_Q1,1149.54
Adlershof,2009_Q2,1159.14
Adlershof,2009_Q3,1170.85
Adlershof,2009_Q4,1182.91
Adlershof,2010_Q1,1192.56
Adlershof,2010_Q2,1207.1
Adlershof,2010_Q3,1221.66
Adlershof,2010_Q4,1235.07
Adlershof,2011_Q1,1246.11
Adlershof,2011_Q2,1264.27
Adlershof,2011_Q3,1285.7
Adlershof,2011_Q4,1309.0
Adlershof,2012_Q1,1331.39
Adlershof,2012_Q2,1360.95
Adlershof,2012_Q3,1391.92
Adlershof,2012_Q4,1422.23
Adlershof,2013_Q1,1449.49
Adlershof,2013_Q2,1483.76
Adlershof,2013_Q3,1519.71
Adlershof,2013_Q4,1555.02
Adlershof,2014_Q1,1586.02
Adlershof,2014_Q2,1622.43
Adlershof,2014_Q3,1657.98
Adlershof,2014_Q4,1691.21
Adlershof,2015_Q1,1720.63
Adlershof,2015_Q2,1759.65
Adlershof,2015_Q3,1803.36
Adlershof,2015_Q4,1850.19
Adlershof,2016_Q1,1896.56
Adlershof,2016_Q2,1954.26
Adlershof,2016_Q3,2015.47
Adlershof,2016_Q4,2077.38
Adlershof,2017_Q1,2136.58
Adlershof,2017_Q2,2207.92
Adlershof,2017_Q3,2283.6
Adlershof,2017_Q4,2360.0
Adlershof,2018_Q1,2431.18
Adlershof,2018_Q2,2511.56
Adlershof,2018_Q3,2591.03
Niederschönhausen,2007_Q1,1297.02
Niederschönhausen,2007_Q2,1292.32
Niederschönhausen,2007_Q3,1289.98
Niederschönhausen,2007_Q4,1288.89
Niederschönhausen,2008_Q1,1286.66
Niederschönhausen,2008_Q2,1291.39
Niederschönhausen,2008_Q3,1297.7
Niederschönhausen,2008_Q4,1303.92
Niederschönhausen,2009_Q1,1308.13
Niederschönhausen,2009_Q2,1319.59
Niederschönhausen,2009_Q3,1333.46
Niederschönhausen,2009_Q4,1347.74
Niederschönhausen,2010_Q1,1359.29
Niederschönhausen,2010_Q2,1376.41
Niederschönhausen,2010_Q3,1393.59
Niederschönhausen,2010_Q4,1409.46
Niederschönhausen,2011_Q1,1422.63
Niederschönhausen,2011_Q2,1443.95
Niederschönhausen,2011_Q3,1469.02
Niederschönhausen,2011_Q4,1496.25
Niederschönhausen,2012_Q1,1522.46
Niederschönhausen,2012_Q2,1556.89
Niederschönhausen,2012_Q3,1592.96
Niederschönhausen,2012_Q4,1628.31
Niederschönhausen,2013_Q1,1660.2
Niederschönhausen,2013_Q2,1700.14
Niederschönhausen,2013_Q3,1742.04
Niederschönhausen,2013_Q4,1783.23
Niederschönhausen,2014_Q1,1819.52
Niederschönhausen,2014_Q2,1862.05
Niederschönhausen,2014_Q3,1903.62
Niederschönhausen,2014_Q4,1942.56
Niederschönhausen,2015_Q1,1977.15
Niederschönhausen,2015_Q2,2022.8
Niederschönhausen,2015_Q3,2073.89
Niederschönhausen,2015_Q4,2128.62
Niederschönhausen,2016_Q1,2182.84
Niederschönhausen,2016_Q2,2250.17
Niederschönhausen,2016_Q3,2321.58
Niederschönhausen,2016_Q4,2393.87
Niederschönhausen,2017_Q1,2463.09
Niederschönhausen,2017_Q2,2546.35
Niederschönhausen,2017_Q3,2634.71
Niederschönhausen,2017_Q4,2723.96
Niederschönhausen,2018_Q1,2807.26
Niederschönhausen,2018_Q2,2901.24
Niederschönhausen,2018_Q3,2994.26
Frohnau,2007_Q1,1395.67
Frohnau,2007_Q2,1387.49
Frohnau,2007_Q3,1381.85
Frohnau,2007_Q4,1377.58
Frohnau,2008_Q1,1372.1
Frohnau,2008_Q2,1374.05
Frohnau,2008_Q3,1377.66
Frohnau,2008_Q4,1381.15
Frohnau,2009_Q1,1382.49
Frohnau,2009_Q2,1391.46
Frohnau,2009_Q3,1402.92
Frohnau,2009_Q4,1414.76
Frohnau,2010_Q1,1423.67
Frohnau,2010_Q2,1438.36
Frohnau,2010_Q3,1453.04
Frohnau,2010_Q4,1466.28
Frohnau,2011_Q1,1476.65
Frohnau,2011_Q2,1495.41
Frohnau,2011_Q3,1517.94
Frohnau,2011_Q4,1542.6
Frohnau,2012_Q1,1566.09
Frohnau,2012_Q2,1597.91
Frohnau,2012_Q3,1631.25
Frohnau,2012_Q4,1663.7
Frohnau,2013_Q1,1692.47
Frohnau,2013_Q2,1729.28
Frohnau,2013_Q3,1767.92
Frohnau,2013_Q4,1805.65
Frohnau,2014_Q1,1838.25
Frohnau,2014_Q2,1876.98
Frohnau,2014_Q3,1914.57
Frohnau,2014_Q4,1949.34
Frohnau,2015_Q1,1979.59
Frohnau,2015_Q2,2020.74
Frohnau,2015_Q3,2067.12
Frohnau,2015_Q4,2116.89
Frohnau,2016_Q1,2165.93
Frohnau,2016_Q2,2227.71
Frohnau,2016_Q3,2293.25
Frohnau,2016_Q4,2359.33
Frohnau,2017_Q1,2422.09
Frohnau,2017_Q2,2498.34
Frohnau,2017_Q3,2579.21
Frohnau,2017_Q4,2660.58
Frohnau,2018_Q1,2735.77
Frohnau,2018_Q2,2821.0
Frohnau,2018_Q3,2904.9
Wittenau,2007_Q1,1132.47
Wittenau,2007_Q2,1128.72
Wittenau,2007_Q3,1127.02
Wittenau,2007_Q4,1126.42
Wittenau,2008_Q1,1124.83
Wittenau,2008_Q2,1129.32
Wittenau,2008_Q3,1135.19
Wittenau,2008_Q4,1140.99
Wittenau,2009_Q1,1145.03
Wittenau,2009_Q2,1155.42
Wittenau,2009_Q3,1167.93
Wittenau,2009_Q4,1180.81
Wittenau,2010_Q1,1191.3
Wittenau,2010_Q2,1206.69
Wittenau,2010_Q3,1222.12
Wittenau,2010_Q4,1236.43
Wittenau,2011_Q1,1248.37
Wittenau,2011_Q2,1267.48
Wittenau,2011_Q3,1289.89
Wittenau,2011_Q4,1314.2
Wittenau,2012_Q1,1337.65
Wittenau,2012_Q2,1368.32
Wittenau,2012_Q3,1400.47
Wittenau,2012_Q4,1431.99
Wittenau,2013_Q1,1460.49
Wittenau,2013_Q2,1496.09
Wittenau,2013_Q3,1533.45
Wittenau,2013_Q4,1570.2
Wittenau,2014_Q1,1602.65
Wittenau,2014_Q2,1640.62
Wittenau,2014_Q3,1677.77
Wittenau,2014_Q4,1712.63
Wittenau,2015_Q1,1743.67
Wittenau,2015_Q2,1784.49
Wittenau,2015_Q3,1830.14
Wittenau,2015_Q4,1879.02
Wittenau,2016_Q1,1927.48
Wittenau,2016_Q2,1987.56
Wittenau,2016_Q3,2051.28
Wittenau,2016_Q4,2115.81
Wittenau,2017_Q1,2177.67
Wittenau,2017_Q2,2251.99
Wittenau,2017_Q3,2330.87
Wittenau,2017_Q4,2410.57
Wittenau,2018_Q1,2485.06
Wittenau,2018_Q2,2569.06
Wittenau,2018_Q3,2652.26
Friedrichsfelde,2007_Q1,1106.39
Friedrichsfelde,2007_Q2,1103.86
Friedrichsfelde,2007_Q3,1103.34
Friedrichsfelde,2007_Q4,1103.89
Friedrichsfelde,2008_Q1,1103.46
Friedrichsfelde,2008_Q2,1109.01
Friedrichsfelde,2008_Q3,1115.92
Friedrichsfelde,2008_Q4,1122.77
Friedrichsfelde,2009_Q1,1127.92
Friedrichsfelde,2009_Q2,1139.32
Friedrichsfelde,2009_Q3,1152.84
Friedrichsfelde,2009_Q4,1166.75
Friedrichsfelde,2010_Q1,1178.33
Friedrichsfelde,2010_Q2,1194.78
Friedrichsfelde,2010_Q3,1211.31
Friedrichsfelde,2010_Q4,1226.75
Friedrichsfelde,2011_Q1,1239.88
Friedrichsfelde,2011_Q2,1260.15
Friedrichsfelde,2011_Q3,1283.75
Friedrichsfelde,2011_Q4,1309.3
Friedrichsfelde,2012_Q1,1334.03
Friedrichsfelde,2012_Q2,1366.03
Friedrichsfelde,2012_Q3,1399.56
Friedrichsfelde,2012_Q4,1432.53
Friedrichsfelde,2013_Q1,1462.55
Friedrichsfelde,2013_Q2,1499.75
Friedrichsfelde,2013_Q3,1538.78
Friedrichsfelde,2013_Q4,1577.28
Friedrichsfelde,2014_Q1,1611.54
Friedrichsfelde,2014_Q2,1651.42
Friedrichsfelde,2014_Q3,1690.55
Friedrichsfelde,2014_Q4,1727.45
Friedrichsfelde,2015_Q1,1760.58
Friedrichsfelde,2015_Q2,1803.65
Friedrichsfelde,2015_Q3,1851.69
Friedrichsfelde,2015_Q4,1903.1
Friedrichsfelde,2016_Q1,1954.2
Friedrichsfelde,2016_Q2,2017.18
Friedrichsfelde,2016_Q3,2084.0
Friedrichsfelde,2016_Q4,2151.77
Friedrichsfelde,2017_Q1,2216.97
Friedrichsfelde,2017_Q2,2294.99
Friedrichsfelde,2017_Q3,2377.82
Friedrichsfelde,2017_Q4,2461.66
Friedrichsfelde,2018_Q1,2540.35
Friedrichsfelde,2018_Q2,2628.92
Friedrichsfelde,2018_Q3,2716.86
Friedrichshagen,2007_Q1,1352.51
Friedrichshagen,2007_Q2,1344.12
Friedrichshagen,2007_Q3,1338.2
Friedrichshagen,2007_Q4,1333.6
Friedrichshagen,2008_Q1,1327.85
Friedrichshagen,2008_Q2,1329.28
Friedrichshagen,2008_Q3,1332.31
Friedrichshagen,2008_Q4,1335.22
Friedrichshagen,2009_Q1,1336.07
Friedrichshagen,2009_Q2,1344.27
Friedrichshagen,2009_Q3,1354.88
Friedrichshagen,2009_Q4,1365.84
Friedrichshagen,2010_Q1,1373.97
Friedrichshagen,2010_Q2,1387.68
Friedrichshagen,2010_Q3,1401.35
Friedrichshagen,2010_Q4,1413.64
Friedrichshagen,2011_Q1,1423.15
Friedrichshagen,2011_Q2,1440.73
Friedrichshagen,2011_Q3,1461.94
Friedrichshagen,2011_Q4,1485.18
Friedrichshagen,2012_Q1,1507.28
Friedrichshagen,2012_Q2,1537.37
Friedrichshagen,2012_Q3,1568.91
Friedrichshagen,2012_Q4,1599.57
Friedrichshagen,2013_Q1,1626.67
Friedrichshagen,2013_Q2,1661.48
Friedrichshagen,2013_Q3,1698.02
Friedrichshagen,2013_Q4,1733.67
Friedrichshagen,2014_Q1,1764.36
Friedrichshagen,2014_Q2,1800.92
Friedrichshagen,2014_Q3,1836.35
Friedrichshagen,2014_Q4,1869.06
Friedrichshagen,2015_Q1,1897.41
Friedrichshagen,2015_Q2,1936.19
Friedrichshagen,2015_Q3,1979.95
Friedrichshagen,2015_Q4,2026.93
Friedrichshagen,2016_Q1,2073.17
Friedrichshagen,2016_Q2,2131.57
Friedrichshagen,2016_Q3,2193.52
Friedrichshagen,2016_Q4,2255.96
Friedrichshagen,2017_Q1,2315.18
Friedrichshagen,2017_Q2,2387.24
Friedrichshagen,2017_Q3,2463.67
Friedrichshagen,2017_Q4,2540.52
Friedrichshagen,2018_Q1,2611.42
Friedrichshagen,2018_Q2,2691.85
Friedrichshagen,2018_Q3,2770.96
Rosenthal,2007_Q1,1271.55
Rosenthal,2007_Q2,1265.23
Rosenthal,2007_Q3,1261.23
Rosenthal,2007_Q4,1258.47
Rosenthal,2008_Q1,1254.59
Rosenthal,2008_Q2,1257.51
Rosenthal,2008_Q3,1261.95
Rosenthal,2008_Q4,1266.28
Rosenthal,2009_Q1,1268.66
Rosenthal,2009_Q2,1278.04
Rosenthal,2009_Q3,1289.74
Rosenthal,2009_Q4,1301.79
Rosenthal,2010_Q1,1311.17
Rosenthal,2010_Q2,1325.9
Rosenthal,2010_Q3,1340.63
Rosenthal,2010_Q4,1354.07
Rosenthal,2011_Q1,1364.88
Rosenthal,2011_Q2,1383.46
Rosenthal,2011_Q3,1405.58
Rosenthal,2011_Q4,1429.7
Rosenthal,2012_Q1,1452.78
Rosenthal,2012_Q2,1483.63
Rosenthal,2012_Q3,1515.96
Rosenthal,2012_Q4,1547.51
Rosenthal,2013_Q1,1575.68
Rosenthal,2013_Q2,1611.41
Rosenthal,2013_Q3,1648.9
Rosenthal,2013_Q4,1685.61
Rosenthal,2014_Q1,1717.6
Rosenthal,2014_Q2,1755.36
Rosenthal,2014_Q3,1792.13
Rosenthal,2014_Q4,1826.32
Rosenthal,2015_Q1,1856.34
Rosenthal,2015_Q2,1896.64
Rosenthal,2015_Q3,1941.92
Rosenthal,2015_Q4,1990.47
Rosenthal,2016_Q1,2038.42
Rosenthal,2016_Q2,2098.45
Rosenthal,2016_Q3,2162.13
Rosenthal,2016_Q4,2226.44
Rosenthal,2017_Q1,2287.73
Rosenthal,2017_Q2,2361.88
Rosenthal,2017_Q3,2440.54
Rosenthal,2017_Q4,2519.8
Rosenthal,2018_Q1,2593.35
Rosenthal,2018_Q2,2676.56
Rosenthal,2018_Q3,2758.64
Hermsdorf,2007_Q1,1387.85
Hermsdorf,2007_Q2,1378.73
Hermsdorf,2007_Q3,1372.16
Hermsdorf,2007_Q4,1366.95
Hermsdorf,2008_Q1,1360.55
Hermsdorf,2008_Q2,1361.52
Hermsdorf,2008_Q3,1364.13
Hermsdorf,2008_Q4,1366.61
Hermsdorf,2009_Q1,1366.98
Hermsdorf,2009_Q2,1374.87
Hermsdorf,2009_Q3,1385.22
Hermsdorf,2009_Q4,1395.91
Hermsdorf,2010_Q1,1403.71
Hermsdorf,2010_Q2,1417.2
Hermsdorf,2010_Q3,1430.64
Hermsdorf,2010_Q4,1442.66
Hermsdorf,2011_Q1,1451.83
Hermsdorf,2011_Q2,1469.23
Hermsdorf,2011_Q3,1490.32
Hermsdorf,2011_Q4,1513.46
Hermsdorf,2012_Q1,1535.42
Hermsdorf,2012_Q2,1565.5
Hermsdorf,2012_Q3,1597.03
Hermsdorf,2012_Q4,1627.65
Hermsdorf,2013_Q1,1654.62
Hermsdorf,2013_Q2,1689.42
Hermsdorf,2013_Q3,1725.94
Hermsdorf,2013_Q4,1761.53
Hermsdorf,2014_Q1,1792.06
Hermsdorf,2014_Q2,1828.53
Hermsdorf,2014_Q3,1863.82
Hermsdorf,2014_Q4,1896.33
Hermsdorf,2015_Q1,1924.39
Hermsdorf,2015_Q2,1963.0
Hermsdorf,2015_Q3,2006.63
Hermsdorf,2015_Q4,2053.5
Hermsdorf,2016_Q1,2099.58
Hermsdorf,2016_Q2,2157.94
Hermsdorf,2016_Q3,2219.85
Hermsdorf,2016_Q4,2282.2
Hermsdorf,2017_Q1,2341.25
Hermsdorf,2017_Q2,2413.24
Hermsdorf,2017_Q3,2489.6
Hermsdorf,2017_Q4,2566.33
Hermsdorf,2018_Q1,2636.99
Hermsdorf,2018_Q2,2717.21
Hermsdorf,2018_Q3,2796.05
Johannisthal,2007_Q1,979.38
Johannisthal,2007_Q2,976.68
Johannisthal,2007_Q3,975.75
Johannisthal,2007_Q4,975.78
Johannisthal,2008_Q1,974.93
Johannisthal,2008_Q2,979.37
Johannisthal,2008_Q3,985.01
Johannisthal,2008_Q4,990.59
Johannisthal,2009_Q1,994.66
Johannisthal,2009_Q2,1004.24
Johannisthal,2009_Q3,1015.68
Johannisthal,2009_Q4,1027.44
Johannisthal,2010_Q1,1037.15
Johannisthal,2010_Q2,1051.13
Johannisthal,2010_Q3,1065.17
Johannisthal,2010_Q4,1078.24
Johannisthal,2011_Q1,1089.26
Johannisthal,2011_Q2,1106.54
Johannisthal,2011_Q3,1126.73
Johannisthal,2011_Q4,1148.61
Johannisthal,2012_Q1,1169.75
Johannisthal,2012_Q2,1197.24
Johannisthal,2012_Q3,1226.04
Johannisthal,2012_Q4,1254.34
Johannisthal,2013_Q1,1280.02
Johannisthal,2013_Q2,1311.95
Johannisthal,2013_Q3,1345.45
Johannisthal,2013_Q4,1378.46
Johannisthal,2014_Q1,1407.74
Johannisthal,2014_Q2,1441.89
Johannisthal,2014_Q3,1475.36
Johannisthal,2014_Q4,1506.85
Johannisthal,2015_Q1,1535.01
Johannisthal,2015_Q2,1571.82
Johannisthal,2015_Q3,1612.92
Johannisthal,2015_Q4,1656.92
Johannisthal,2016_Q1,1700.6
Johannisthal,2016_Q2,1754.58
Johannisthal,2016_Q3,1811.84
Johannisthal,2016_Q4,1869.88
Johannisthal,2017_Q1,1925.62
Johannisthal,2017_Q2,1992.44
Johannisthal,2017_Q3,2063.37
Johannisthal,2017_Q4,2135.12
Johannisthal,2018_Q1,2202.32
Johannisthal,2018_Q2,2278.03
Johannisthal,2018_Q3,2353.11
Heiligensee,2007_Q1,1338.48
Heiligensee,2007_Q2,1332.74
Heiligensee,2007_Q3,1329.43
Heiligensee,2007_Q4,1327.42
Heiligensee,2008_Q1,1324.24
Heiligensee,2008_Q2,1328.22
Heiligensee,2008_Q3,1333.82
Heiligensee,2008_Q4,1339.31
Heiligensee,2009_Q1,1342.74
Heiligensee,2009_Q2,1353.59
Heiligensee,2009_Q3,1366.91
Heiligensee,2009_Q4,1380.62
Heiligensee,2010_Q1,1391.52
Heiligensee,2010_Q2,1408.11
Heiligensee,2010_Q3,1424.73
Heiligensee,2010_Q4,1439.99
Heiligensee,2011_Q1,1452.48
Heiligensee,2011_Q2,1473.26
Heiligensee,2011_Q3,1497.83
Heiligensee,2011_Q4,1524.58
Heiligensee,2012_Q1,1550.25
Heiligensee,2012_Q2,1584.25
Heiligensee,2012_Q3,1619.87
Heiligensee,2012_Q4,1654.71
Heiligensee,2013_Q1,1685.99
Heiligensee,2013_Q2,1725.39
Heiligensee,2013_Q3,1766.73
Heiligensee,2013_Q4,1807.3
Heiligensee,2014_Q1,1842.85
Heiligensee,2014_Q2,1884.66
Heiligensee,2014_Q3,1925.45
Heiligensee,2014_Q4,1963.52
Heiligensee,2015_Q1,1997.15
Heiligensee,2015_Q2,2041.9
Heiligensee,2015_Q3,2092.07
Heiligensee,2015_Q4,2145.84
Heiligensee,2016_Q1,2199.03
Heiligensee,2016_Q2,2265.34
Heiligensee,2016_Q3,2335.68
Heiligensee,2016_Q4,2406.79
Heiligensee,2017_Q1,2474.73
Heiligensee,2017_Q2,2556.68
Heiligensee,2017_Q3,2643.63
Heiligensee,2017_Q4,2731.35
Heiligensee,2018_Q1,2812.99
Heiligensee,2018_Q2,2905.22
Heiligensee,2018_Q3,2996.37
Rummelsburg,2007_Q1,1556.49
Rummelsburg,2007_Q2,1549.72
Rummelsburg,2007_Q3,1545.77
Rummelsburg,2007_Q4,1543.33
Rummelsburg,2008_Q1,1539.53
Rummelsburg,2008_Q2,1544.07
Rummelsburg,2008_Q3,1550.47
Rummelsburg,2008_Q4,1556.76
Rummelsburg,2009_Q1,1560.65
Rummelsburg,2009_Q2,1573.16
Rummelsburg,2009_Q3,1588.53
Rummelsburg,2009_Q4,1604.36
Rummelsburg,2010_Q1,1616.93
Rummelsburg,2010_Q2,1636.1
Rummelsburg,2010_Q3,1655.3
Rummelsburg,2010_Q4,1672.92
Rummelsburg,2011_Q1,1687.32
Rummelsburg,2011_Q2,1711.35
Rummelsburg,2011_Q3,1739.78
Rummelsburg,2011_Q4,1770.73
Rummelsburg,2012_Q1,1800.43
Rummelsburg,2012_Q2,1839.79
Rummelsburg,2012_Q3,1881.04
Rummelsburg,2012_Q4,1921.37
Rummelsburg,2013_Q1,1957.57
Rummelsburg,2013_Q2,2003.19
Rummelsburg,2013_Q3,2051.06
Rummelsburg,2013_Q4,2098.02
Rummelsburg,2014_Q1,2139.14
Rummelsburg,2014_Q2,2187.53
Rummelsburg,2014_Q3,2234.73
Rummelsburg,2014_Q4,2278.77
Rummelsburg,2015_Q1,2317.66
Rummelsburg,2015_Q2,2369.43
Rummelsburg,2015_Q3,2427.49
Rummelsburg,2015_Q4,2489.72
Rummelsburg,2016_Q1,2551.27
Rummelsburg,2016_Q2,2628.04
Rummelsburg,2016_Q3,2709.46
Rummelsburg,2016_Q4,2791.77
Rummelsburg,2017_Q1,2870.39
Rummelsburg,2017_Q2,2965.25
Rummelsburg,2017_Q3,3065.9
Rummelsburg,2017_Q4,3167.43
Rummelsburg,2018_Q1,3261.89
Rummelsburg,2018_Q2,3368.63
Rummelsburg,2018_Q3,3474.08
Französisch Buchholz,2007_Q1,1115.89
Französisch Buchholz,2007_Q2,1112.47
Französisch Buchholz,2007_Q3,1111.06
Französisch Buchholz,2007_Q4,1110.74
Französisch Buchholz,2008_Q1,1109.43
Französisch Buchholz,2008_Q2,1114.13
Französisch Buchholz,2008_Q3,1120.2
Französisch Buchholz,2008_Q4,1126.19
Französisch Buchholz,2009_Q1,1130.46
Französisch Buchholz,2009_Q2,1140.99
Französisch Buchholz,2009_Q3,1153.62
Französisch Buchholz,2009_Q4,1166.62
Französisch Buchholz,2010_Q1,1177.27
Französisch Buchholz,2010_Q2,1192.76
Französisch Buchholz,2010_Q3,1208.31
Französisch Buchholz,2010_Q4,1222.75
Französisch Buchholz,2011_Q1,1234.86
Französisch Buchholz,2011_Q2,1254.06
Französisch Buchholz,2011_Q3,1276.54
Französisch Buchholz,2011_Q4,1300.92
Französisch Buchholz,2012_Q1,1324.45
Französisch Buchholz,2012_Q2,1355.15
Französisch Buchholz,2012_Q3,1387.32
Französisch Buchholz,2012_Q4,1418.89
Französisch Buchholz,2013_Q1,1447.48
Französisch Buchholz,2013_Q2,1483.12
Französisch Buchholz,2013_Q3,1520.52
Französisch Buchholz,2013_Q4,1557.34
Französisch Buchholz,2014_Q1,1589.91
Französisch Buchholz,2014_Q2,1627.97
Französisch Buchholz,2014_Q3,1665.24
Französisch Buchholz,2014_Q4,1700.24
Französisch Buchholz,2015_Q1,1731.48
Französisch Buchholz,2015_Q2,1772.44
Französisch Buchholz,2015_Q3,1818.22
Französisch Buchholz,2015_Q4,1867.23
Französisch Buchholz,2016_Q1,1915.86
Französisch Buchholz,2016_Q2,1976.05
Französisch Buchholz,2016_Q3,2039.89
Französisch Buchholz,2016_Q4,2104.57
Französisch Buchholz,2017_Q1,2166.63
Französisch Buchholz,2017_Q2,2241.11
Französisch Buchholz,2017_Q3,2320.17
Französisch Buchholz,2017_Q4,2400.09
Französisch Buchholz,2018_Q1,2474.85
Französisch Buchholz,2018_Q2,2559.12
Französisch Buchholz,2018_Q3,2642.64
Altglienicke,2007_Q1,1129.88
Altglienicke,2007_Q2,1125.5
Altglienicke,2007_Q3,1123.16
Altglienicke,2007_Q4,1121.92
Altglienicke,2008_Q1,1119.68
Altglienicke,2008_Q2,1123.51
Altglienicke,2008_Q3,1128.7
Altglienicke,2008_Q4,1133.81
Altglienicke,2009_Q1,1137.18
Altglienicke,2009_Q2,1146.84
Altglienicke,2009_Q3,1158.59
Altglienicke,2009_Q4,1170.69
Altglienicke,2010_Q1,1180.42
Altglienicke,2010_Q2,1194.97
Altglienicke,2010_Q3,1209.57
Altglienicke,2010_Q4,1223.02
Altglienicke,2011_Q1,1234.13
Altglienicke,2011_Q2,1252.3
Altglienicke,2011_Q3,1273.7
Altglienicke,2011_Q4,1296.97
Altglienicke,2012_Q1,1319.35
Altglienicke,2012_Q2,1348.83
Altglienicke,2012_Q3,1379.72
Altglienicke,2012_Q4,1409.97
Altglienicke,2013_Q1,1437.21
Altglienicke,2013_Q2,1471.4
Altglienicke,2013_Q3,1507.27
Altglienicke,2013_Q4,1542.51
Altglienicke,2014_Q1,1573.48
Altglienicke,2014_Q2,1609.84
Altglienicke,2014_Q3,1645.34
Altglienicke,2014_Q4,1678.56
Altglienicke,2015_Q1,1708.01
Altglienicke,2015_Q2,1746.99
Altglienicke,2015_Q3,1790.64
Altglienicke,2015_Q4,1837.41
Altglienicke,2016_Q1,1883.72
Altglienicke,2016_Q2,1941.32
Altglienicke,2016_Q3,2002.41
Altglienicke,2016_Q4,2064.21
Altglienicke,2017_Q1,2123.35
Altglienicke,2017_Q2,2194.55
Altglienicke,2017_Q3,2270.11
Altglienicke,2017_Q4,2346.39
Altglienicke,2018_Q1,2417.51
Altglienicke,2018_Q2,2497.79
Altglienicke,2018_Q3,2577.2
Waidmannslust,2007_Q1,1172.25
Waidmannslust,2007_Q2,1163.73
Waidmannslust,2007_Q3,1157.37
Waidmannslust,2007_Q4,1152.16
Waidmannslust,2008_Q1,1145.96
Waidmannslust,2008_Q2,1145.97
Waidmannslust,2008_Q3,1147.36
Waidmannslust,2008_Q4,1148.64
Waidmannslust,2009_Q1,1148.13
Waidmannslust,2009_Q2,1153.95
Waidmannslust,2009_Q3,1161.81
Waidmannslust,2009_Q4,1169.96
Waidmannslust,2010_Q1,1175.67
Waidmannslust,2010_Q2,1186.12
Waidmannslust,2010_Q3,1196.53
Waidmannslust,2010_Q4,1205.73
Waidmannslust,2011_Q1,1212.55
Waidmannslust,2011_Q2,1226.21
Waidmannslust,2011_Q3,1242.94
Waidmannslust,2011_Q4,1261.35
Waidmannslust,2012_Q1,1278.75
Waidmannslust,2012_Q2,1302.88
Waidmannslust,2012_Q3,1328.19
Waidmannslust,2012_Q4,1352.7
Waidmannslust,2013_Q1,1374.14
Waidmannslust,2013_Q2,1402.05
Waidmannslust,2013_Q3,1431.35
Waidmannslust,2013_Q4,1459.84
Waidmannslust,2014_Q1,1484.1
Waidmannslust,2014_Q2,1513.23
Waidmannslust,2014_Q3,1541.35
Waidmannslust,2014_Q4,1567.13
Waidmannslust,2015_Q1,1589.2
Waidmannslust,2015_Q2,1619.95
Waidmannslust,2015_Q3,1654.78
Waidmannslust,2015_Q4,1692.24
Waidmannslust,2016_Q1,1728.99
Waidmannslust,2016_Q2,1775.8
Waidmannslust,2016_Q3,1825.46
Waidmannslust,2016_Q4,1875.41
Waidmannslust,2017_Q1,1922.58
Waidmannslust,2017_Q2,1980.3
Waidmannslust,2017_Q3,2041.53
Waidmannslust,2017_Q4,2102.96
Waidmannslust,2018_Q1,2159.34
Waidmannslust,2018_Q2,2223.47
Waidmannslust,2018_Q3,2286.36
Niederschöneweide,2007_Q1,1058.9
Niederschöneweide,2007_Q2,1055.24
Niederschöneweide,2007_Q3,1053.5
Niederschöneweide,2007_Q4,1052.79
Niederschöneweide,2008_Q1,1051.14
Niederschöneweide,2008_Q2,1055.19
Niederschöneweide,2008_Q3,1060.52
Niederschöneweide,2008_Q4,1065.78
Niederschöneweide,2009_Q1,1069.41
Niederschöneweide,2009_Q2,1078.95
Niederschöneweide,2009_Q3,1090.48
Niederschöneweide,2009_Q4,1102.34
Niederschöneweide,2010_Q1,1111.97
Niederschöneweide,2010_Q2,1126.17
Niederschöneweide,2010_Q3,1140.41
Niederschöneweide,2010_Q4,1153.59
Niederschöneweide,2011_Q1,1164.57
Niederschöneweide,2011_Q2,1182.22
Niederschöneweide,2011_Q3,1202.94
Niederschöneweide,2011_Q4,1225.45
Niederschöneweide,2012_Q1,1247.12
Niederschöneweide,2012_Q2,1275.54
Niederschöneweide,2012_Q3,1305.31
Niederschöneweide,2012_Q4,1334.5
Niederschöneweide,2013_Q1,1360.87
Niederschöneweide,2013_Q2,1393.84
Niederschöneweide,2013_Q3,1428.43
Niederschöneweide,2013_Q4,1462.45
Niederschöneweide,2014_Q1,1492.46
Niederschöneweide,2014_Q2,1527.6
Niederschöneweide,2014_Q3,1561.97
Niederschöneweide,2014_Q4,1594.19
Niederschöneweide,2015_Q1,1622.85
Niederschöneweide,2015_Q2,1660.6
Niederschöneweide,2015_Q3,1702.82
Niederschöneweide,2015_Q4,1748.05
Niederschöneweide,2016_Q1,1792.88
Niederschöneweide,2016_Q2,1848.49
Niederschöneweide,2016_Q3,1907.48
Niederschöneweide,2016_Q4,1967.2
Niederschöneweide,2017_Q1,2024.42
Niederschöneweide,2017_Q2,2093.21
Niederschöneweide,2017_Q3,2166.21
Niederschöneweide,2017_Q4,2239.96
Niederschöneweide,2018_Q1,2308.84
Niederschöneweide,2018_Q2,2386.54
Niederschöneweide,2018_Q3,2463.47
Oberschöneweide,2007_Q1,1057.88
Oberschöneweide,2007_Q2,1055.22
Oberschöneweide,2007_Q3,1054.47
Oberschöneweide,2007_Q4,1054.74
Oberschöneweide,2008_Q1,1054.09
Oberschöneweide,2008_Q2,1059.14
Oberschöneweide,2008_Q3,1065.49
Oberschöneweide,2008_Q4,1071.78
Oberschöneweide,2009_Q1,1076.43
Oberschöneweide,2009_Q2,1087.06
Oberschöneweide,2009_Q3,1099.7
Oberschöneweide,2009_Q4,1112.71
Oberschöneweide,2010_Q1,1123.48
Oberschöneweide,2010_Q2,1138.9
Oberschöneweide,2010_Q3,1154.38
Oberschöneweide,2010_Q4,1168.82
Oberschöneweide,2011_Q1,1181.05
Oberschöneweide,2011_Q2,1200.08
Oberschöneweide,2011_Q3,1222.26
Oberschöneweide,2011_Q4,1246.29
Oberschöneweide,2012_Q1,1269.53
Oberschöneweide,2012_Q2,1299.68
Oberschöneweide,2012_Q3,1331.26
Oberschöneweide,2012_Q4,1362.3
Oberschöneweide,2013_Q1,1390.52
Oberschöneweide,2013_Q2,1425.55
Oberschöneweide,2013_Q3,1462.3
Oberschöneweide,2013_Q4,1498.54
Oberschöneweide,2014_Q1,1530.72
Oberschöneweide,2014_Q2,1568.23
Oberschöneweide,2014_Q3,1605.02
Oberschöneweide,2014_Q4,1639.66
Oberschöneweide,2015_Q1,1670.71
Oberschöneweide,2015_Q2,1711.17
Oberschöneweide,2015_Q3,1756.33
Oberschöneweide,2015_Q4,1804.67
Oberschöneweide,2016_Q1,1852.69
Oberschöneweide,2016_Q2,1911.95
Oberschöneweide,2016_Q3,1974.82
Oberschöneweide,2016_Q4,2038.56
Oberschöneweide,2017_Q1,2099.83
Oberschöneweide,2017_Q2,2173.21
Oberschöneweide,2017_Q3,2251.11
Oberschöneweide,2017_Q4,2329.94
Oberschöneweide,2018_Q1,2403.84
Oberschöneweide,2018_Q2,2487.07
Oberschöneweide,2018_Q3,2569.65
Siemensstadt,2007_Q1,1096.77
Siemensstadt,2007_Q2,1093.61
Siemensstadt,2007_Q3,1092.43
Siemensstadt,2007_Q4,1092.31
Siemensstadt,2008_Q1,1091.23
Siemensstadt,2008_Q2,1096.05
Siemensstadt,2008_Q3,1102.22
Siemensstadt,2008_Q4,1108.32
Siemensstadt,2009_Q1,1112.72
Siemensstadt,2009_Q2,1123.29
Siemensstadt,2009_Q3,1135.94
Siemensstadt,2009_Q4,1148.95
Siemensstadt,2010_Q1,1159.65
Siemensstadt,2010_Q2,1175.13
Siemensstadt,2010_Q3,1190.67
Siemensstadt,2010_Q4,1205.12
Siemensstadt,2011_Q1,1217.28
Siemensstadt,2011_Q2,1236.43
Siemensstadt,2011_Q3,1258.83
Siemensstadt,2011_Q4,1283.1
Siemensstadt,2012_Q1,1306.55
Siemensstadt,2012_Q2,1337.08
Siemensstadt,2012_Q3,1369.07
Siemensstadt,2012_Q4,1400.48
Siemensstadt,2013_Q1,1428.96
Siemensstadt,2013_Q2,1464.42
Siemensstadt,2013_Q3,1501.62
Siemensstadt,2013_Q4,1538.26
Siemensstadt,2014_Q1,1570.73
Siemensstadt,2014_Q2,1608.62
Siemensstadt,2014_Q3,1645.75
Siemensstadt,2014_Q4,1680.65
Siemensstadt,2015_Q1,1711.85
Siemensstadt,2015_Q2,1752.66
Siemensstadt,2015_Q3,1798.26
Siemensstadt,2015_Q4,1847.07
Siemensstadt,2016_Q1,1895.52
Siemensstadt,2016_Q2,1955.43
Siemensstadt,2016_Q3,2018.98
Siemensstadt,2016_Q4,2083.38
Siemensstadt,2017_Q1,2145.21
Siemensstadt,2017_Q2,2219.36
Siemensstadt,2017_Q3,2298.07
Siemensstadt,2017_Q4,2377.66
Siemensstadt,2018_Q1,2452.18
Siemensstadt,2018_Q2,2536.15
Siemensstadt,2018_Q3,2619.39
Alt-Hohenschönhausen,2007_Q1,1259.83
Alt-Hohenschönhausen,2007_Q2,1255.06
Alt-Hohenschönhausen,2007_Q3,1252.57
Alt-Hohenschönhausen,2007_Q4,1251.3
Alt-Hohenschönhausen,2008_Q1,1248.93
Alt-Hohenschönhausen,2008_Q2,1253.32
Alt-Hohenschönhausen,2008_Q3,1259.23
Alt-Hohenschönhausen,2008_Q4,1265.05
Alt-Hohenschönhausen,2009_Q1,1268.93
Alt-Hohenschönhausen,2009_Q2,1279.83
Alt-Hohenschönhausen,2009_Q3,1293.07
Alt-Hohenschönhausen,2009_Q4,1306.7
Alt-Hohenschönhausen,2010_Q1,1317.68
Alt-Hohenschönhausen,2010_Q2,1334.06
Alt-Hohenschönhausen,2010_Q3,1350.48
Alt-Hohenschönhausen,2010_Q4,1365.63
Alt-Hohenschönhausen,2011_Q1,1378.16
Alt-Hohenschönhausen,2011_Q2,1398.58
Alt-Hohenschönhausen,2011_Q3,1422.63
Alt-Hohenschönhausen,2011_Q4,1448.75
Alt-Hohenschönhausen,2012_Q1,1473.89
Alt-Hohenschönhausen,2012_Q2,1506.97
Alt-Hohenschönhausen,2012_Q3,1541.63
Alt-Hohenschönhausen,2012_Q4,1575.57
Alt-Hohenschönhausen,2013_Q1,1606.16
Alt-Hohenschönhausen,2013_Q2,1644.53
Alt-Hohenschönhausen,2013_Q3,1684.78
Alt-Hohenschönhausen,2013_Q4,1724.33
Alt-Hohenschönhausen,2014_Q1,1759.13
Alt-Hohenschönhausen,2014_Q2,1799.94
Alt-Hohenschönhausen,2014_Q3,1839.82
Alt-Hohenschönhausen,2014_Q4,1877.14
Alt-Hohenschönhausen,2015_Q1,1910.26
Alt-Hohenschönhausen,2015_Q2,1954.04
Alt-Hohenschönhausen,2015_Q3,2003.06
Alt-Hohenschönhausen,2015_Q4,2055.57
Alt-Hohenschönhausen,2016_Q1,2107.58
Alt-Hohenschönhausen,2016_Q2,2172.23
Alt-Hohenschönhausen,2016_Q3,2240.8
Alt-Hohenschönhausen,2016_Q4,2310.18
Alt-Hohenschönhausen,2017_Q1,2376.59
Alt-Hohenschönhausen,2017_Q2,2456.52
Alt-Hohenschönhausen,2017_Q3,2541.34
Alt-Hohenschönhausen,2017_Q4,2626.98
Alt-Hohenschönhausen,2018_Q1,2706.86
Alt-Hohenschönhausen,2018_Q2,2797.02
Alt-Hohenschönhausen,2018_Q3,2886.22
Lübars,2007_Q1,1168.46
Lübars,2007_Q2,1164.26
Lübars,2007_Q3,1162.17
Lübars,2007_Q4,1161.22
Lübars,2008_Q1,1159.24
Lübars,2008_Q2,1163.54
Lübars,2008_Q3,1169.26
Lübars,2008_Q4,1174.89
Lübars,2009_Q1,1178.72
Lübars,2009_Q2,1189.07
Lübars,2009_Q3,1201.6
Lübars,2009_Q4,1214.5
Lübars,2010_Q1,1224.94
Lübars,2010_Q2,1240.4
Lübars,2010_Q3,1255.91
Lübars,2010_Q4,1270.25
Lübars,2011_Q1,1282.15
Lübars,2011_Q2,1301.4
Lübars,2011_Q3,1324.03
Lübars,2011_Q4,1348.6
Lübars,2012_Q1,1372.26
Lübars,2012_Q2,1403.33
Lübars,2012_Q3,1435.88
Lübars,2012_Q4,1467.78
Lübars,2013_Q1,1496.57
Lübars,2013_Q2,1532.61
Lübars,2013_Q3,1570.43
Lübars,2013_Q4,1607.6
Lübars,2014_Q1,1640.36
Lübars,2014_Q2,1678.74
Lübars,2014_Q3,1716.26
Lübars,2014_Q4,1751.42
Lübars,2015_Q1,1782.66
Lübars,2015_Q2,1823.86
Lübars,2015_Q3,1869.98
Lübars,2015_Q4,1919.37
Lübars,2016_Q1,1968.31
Lübars,2016_Q2,2029.08
Lübars,2016_Q3,2093.53
Lübars,2016_Q4,2158.77
Lübars,2017_Q1,2221.25
Lübars,2017_Q2,2296.4
Lübars,2017_Q3,2376.15
Lübars,2017_Q4,2456.7
Lübars,2018_Q1,2531.89
Lübars,2018_Q2,2616.72
Lübars,2018_Q3,2700.69
Grünau,2007_Q1,1196.61
Grünau,2007_Q2,1191.14
Grünau,2007_Q3,1187.83
Grünau,2007_Q4,1185.69
Grünau,2008_Q1,1182.51
Grünau,2008_Q2,1185.72
Grünau,2008_Q3,1190.37
Grünau,2008_Q4,1194.92
Grünau,2009_Q1,1197.64
Grünau,2009_Q2,1206.96
Grünau,2009_Q3,1218.48
Grünau,2009_Q4,1230.35
Grünau,2010_Q1,1239.7
Grünau,2010_Q2,1254.12
Grünau,2010_Q3,1268.55
Grünau,2010_Q4,1281.76
Grünau,2011_Q1,1292.5
Grünau,2011_Q2,1310.61
Grünau,2011_Q3,1332.09
Grünau,2011_Q4,1355.48
Grünau,2012_Q1,1377.9
Grünau,2012_Q2,1407.71
Grünau,2012_Q3,1438.94
Grünau,2012_Q4,1469.46
Grünau,2013_Q1,1496.8
Grünau,2013_Q2,1531.34
Grünau,2013_Q3,1567.58
Grünau,2013_Q4,1603.11
Grünau,2014_Q1,1634.16
Grünau,2014_Q2,1670.75
Grünau,2014_Q3,1706.41
Grünau,2014_Q4,1739.65
Grünau,2015_Q1,1768.93
Grünau,2015_Q2,1808.03
Grünau,2015_Q3,1851.92
Grünau,2015_Q4,1898.97
Grünau,2016_Q1,1945.47
Grünau,2016_Q2,2003.55
Grünau,2016_Q3,2065.16
Grünau,2016_Q4,2127.42
Grünau,2017_Q1,2186.84
Grünau,2017_Q2,2258.59
Grünau,2017_Q3,2334.72
Grünau,2017_Q4,2411.49
Grünau,2018_Q1,2482.85
Grünau,2018_Q2,2563.51
Grünau,2018_Q3,2643.17
Heinersdorf,2007_Q1,1282.84
Heinersdorf,2007_Q2,1277.53
Heinersdorf,2007_Q3,1274.55
Heinersdorf,2007_Q4,1272.81
Heinersdorf,2008_Q1,1269.95
Heinersdorf,2008_Q2,1273.96
Heinersdorf,2008_Q3,1279.52
Heinersdorf,2008_Q4,1284.98
Heinersdorf,2009_Q1,1288.47
Heinersdorf,2009_Q2,1299.07
Heinersdorf,2009_Q3,1312.05
Heinersdorf,2009_Q4,1325.41
Heinersdorf,2010_Q1,1336.07
Heinersdorf,2010_Q2,1352.2
Heinersdorf,2010_Q3,1368.36
Heinersdorf,2010_Q4,1383.23
Heinersdorf,2011_Q1,1395.43
Heinersdorf,2011_Q2,1415.6
Heinersdorf,2011_Q3,1439.43
Heinersdorf,2011_Q4,1465.35
Heinersdorf,2012_Q1,1490.24
Heinersdorf,2012_Q2,1523.15
Heinersdorf,2012_Q3,1557.63
Heinersdorf,2012_Q4,1591.37
Heinersdorf,2013_Q1,1621.69
Heinersdorf,2013_Q2,1659.84
Heinersdorf,2013_Q3,1699.87
Heinersdorf,2013_Q4,1739.16
Heinersdorf,2014_Q1,1773.63
Heinersdorf,2014_Q2,1814.14
Heinersdorf,2014_Q3,1853.68
Heinersdorf,2014_Q4,1890.61
Heinersdorf,2015_Q1,1923.28
Heinersdorf,2015_Q2,1966.67
Heinersdorf,2015_Q3,2015.29
Heinersdorf,2015_Q4,2067.4
Heinersdorf,2016_Q1,2118.96
Heinersdorf,2016_Q2,2183.18
Heinersdorf,2016_Q3,2251.3
Heinersdorf,2016_Q4,2320.19
Heinersdorf,2017_Q1,2386.04
Heinersdorf,2017_Q2,2465.42
Heinersdorf,2017_Q3,2549.64
Heinersdorf,2017_Q4,2634.64
Heinersdorf,2018_Q1,2713.79
Heinersdorf,2018_Q2,2803.19
Heinersdorf,2018_Q3,2891.56
Biesdorf,2007_Q1,1186.03
Biesdorf,2007_Q2,1179.97
Biesdorf,2007_Q3,1176.07
Biesdorf,2007_Q4,1173.32
Biesdorf,2008_Q1,1169.54
Biesdorf,2008_Q2,1172.08
Biesdorf,2008_Q3,1176.05
Biesdorf,2008_Q4,1179.91
Biesdorf,2009_Q1,1181.96
Biesdorf,2009_Q2,1190.52
Biesdorf,2009_Q3,1201.24
Biesdorf,2009_Q4,1212.29
Biesdorf,2010_Q1,1220.85
Biesdorf,2010_Q2,1234.38
Biesdorf,2010_Q3,1247.91
Biesdorf,2010_Q4,1260.24
Biesdorf,2011_Q1,1270.11
Biesdorf,2011_Q2,1287.22
Biesdorf,2011_Q3,1307.6
Biesdorf,2011_Q4,1329.85
Biesdorf,2012_Q1,1351.12
Biesdorf,2012_Q2,1379.61
Biesdorf,2012_Q3,1409.46
Biesdorf,2012_Q4,1438.58
Biesdorf,2013_Q1,1464.56
Biesdorf,2013_Q2,1497.55
Biesdorf,2013_Q3,1532.17
Biesdorf,2013_Q4,1566.05
Biesdorf,2014_Q1,1595.53
Biesdorf,2014_Q2,1630.38
Biesdorf,2014_Q3,1664.29
Biesdorf,2014_Q4,1695.79
Biesdorf,2015_Q1,1723.41
Biesdorf,2015_Q2,1760.56
Biesdorf,2015_Q3,1802.33
Biesdorf,2015_Q4,1847.12
Biesdorf,2016_Q1,1891.34
Biesdorf,2016_Q2,1946.76
Biesdorf,2016_Q3,2005.54
Biesdorf,2016_Q4,2064.89
Biesdorf,2017_Q1,2121.43
Biesdorf,2017_Q2,2189.86
Biesdorf,2017_Q3,2262.46
Biesdorf,2017_Q4,2335.6
Biesdorf,2018_Q1,2403.42
Biesdorf,2018_Q2,2480.17
Biesdorf,2018_Q3,2555.86
Buch,2007_Q1,1363.71
Buch,2007_Q2,1354.0
Buch,2007_Q3,1346.79
Buch,2007_Q4,1340.93
Buch,2008_Q1,1333.91
Buch,2008_Q2,1334.11
Buch,2008_Q3,1335.92
Buch,2008_Q4,1337.61
Buch,2009_Q1,1337.22
Buch,2009_Q2,1344.19
Buch,2009_Q3,1353.54
Buch,2009_Q4,1363.23
Buch,2010_Q1,1370.09
Buch,2010_Q2,1382.47
Buch,2010_Q3,1394.81
Buch,2010_Q4,1405.74
Buch,2011_Q1,1413.89
Buch,2011_Q2,1430.04
Buch,2011_Q3,1449.75
Buch,2011_Q4,1471.44
Buch,2012_Q1,1491.95
Buch,2012_Q2,1520.33
Buch,2012_Q3,1550.1
Buch,2012_Q4,1578.93
Buch,2013_Q1,1604.2
Buch,2013_Q2,1637.02
Buch,2013_Q3,1671.47
Buch,2013_Q4,1704.99
Buch,2014_Q1,1733.57
Buch,2014_Q2,1767.86
Buch,2014_Q3,1800.98
Buch,2014_Q4,1831.36
Buch,2015_Q1,1857.43
Buch,2015_Q2,1893.64
Buch,2015_Q3,1934.65
Buch,2015_Q4,1978.72
Buch,2016_Q1,2022.0
Buch,2016_Q2,2077.04
Buch,2016_Q3,2135.44
Buch,2016_Q4,2194.19
Buch,2017_Q1,2249.71
Buch,2017_Q2,2317.59
Buch,2017_Q3,2389.59
Buch,2017_Q4,2461.85
Buch,2018_Q1,2528.22
Buch,2018_Q2,2603.69
Buch,2018_Q3,2677.73
Blankenfelde,2007_Q1,1122.18
Blankenfelde,2007_Q2,1114.15
Blankenfelde,2007_Q3,1108.18
Blankenfelde,2007_Q4,1103.31
Blankenfelde,2008_Q1,1097.5
Blankenfelde,2008_Q2,1097.62
Blankenfelde,2008_Q3,1099.07
Blankenfelde,2008_Q4,1100.42
Blankenfelde,2009_Q1,1100.05
Blankenfelde,2009_Q2,1105.75
Blankenfelde,2009_Q3,1113.4
Blankenfelde,2009_Q4,1121.33
Blankenfelde,2010_Q1,1126.93
Blankenfelde,2010_Q2,1137.07
Blankenfelde,2010_Q3,1147.17
Blankenfelde,2010_Q4,1156.12
Blankenfelde,2011_Q1,1162.78
Blankenfelde,2011_Q2,1176.02
Blankenfelde,2011_Q3,1192.19
Blankenfelde,2011_Q4,1209.97
Blankenfelde,2012_Q1,1226.8
Blankenfelde,2012_Q2,1250.09
Blankenfelde,2012_Q3,1274.51
Blankenfelde,2012_Q4,1298.17
Blankenfelde,2013_Q1,1318.9
Blankenfelde,2013_Q2,1345.83
Blankenfelde,2013_Q3,1374.1
Blankenfelde,2013_Q4,1401.61
Blankenfelde,2014_Q1,1425.05
Blankenfelde,2014_Q2,1453.18
Blankenfelde,2014_Q3,1480.35
Blankenfelde,2014_Q4,1505.27
Blankenfelde,2015_Q1,1526.64
Blankenfelde,2015_Q2,1556.34
Blankenfelde,2015_Q3,1589.99
Blankenfelde,2015_Q4,1626.15
Blankenfelde,2016_Q1,1661.65
Blankenfelde,2016_Q2,1706.82
Blankenfelde,2016_Q3,1754.74
Blankenfelde,2016_Q4,1802.96
Blankenfelde,2017_Q1,1848.51
Blankenfelde,2017_Q2,1904.21
Blankenfelde,2017_Q3,1963.29
Blankenfelde,2017_Q4,2022.59
Blankenfelde,2018_Q1,2077.04
Blankenfelde,2018_Q2,2138.96
Blankenfelde,2018_Q3,2199.7
Blankenburg,2007_Q1,1160.87
Blankenburg,2007_Q2,1151.15
Blankenburg,2007_Q3,1143.59
Blankenburg,2007_Q4,1137.18
Blankenburg,2008_Q1,1129.8
Blankenburg,2008_Q2,1128.56
Blankenburg,2008_Q3,1128.67
Blankenburg,2008_Q4,1128.67
Blankenburg,2009_Q1,1126.93
Blankenburg,2009_Q2,1131.38
Blankenburg,2009_Q3,1137.82
Blankenburg,2009_Q4,1144.53
Blankenburg,2010_Q1,1148.84
Blankenburg,2010_Q2,1157.77
Blankenburg,2010_Q3,1166.63
Blankenburg,2010_Q4,1174.3
Blankenburg,2011_Q1,1179.62
Blankenburg,2011_Q2,1191.59
Blankenburg,2011_Q3,1206.5
Blankenburg,2011_Q4,1223.01
Blankenburg,2012_Q1,1238.51
Blankenburg,2012_Q2,1260.48
Blankenburg,2012_Q3,1283.54
Blankenburg,2012_Q4,1305.77
Blankenburg,2013_Q1,1325.0
Blankenburg,2013_Q2,1350.41
Blankenburg,2013_Q3,1377.1
Blankenburg,2013_Q4,1402.96
Blankenburg,2014_Q1,1424.68
Blankenburg,2014_Q2,1451.03
Blankenburg,2014_Q3,1476.36
Blankenburg,2014_Q4,1499.39
Blankenburg,2015_Q1,1518.82
Blankenburg,2015_Q2,1546.48
Blankenburg,2015_Q3,1577.98
Blankenburg,2015_Q4,1611.91
Blankenburg,2016_Q1,1645.09
Blankenburg,2016_Q2,1687.75
Blankenburg,2016_Q3,1733.02
Blankenburg,2016_Q4,1778.47
Blankenburg,2017_Q1,1821.18
Blankenburg,2017_Q2,1873.77
Blankenburg,2017_Q3,1929.55
Blankenburg,2017_Q4,1985.41
Blankenburg,2018_Q1,2036.38
Blankenburg,2018_Q2,2094.53
Blankenburg,2018_Q3,2151.38
Konradshöhe,2007_Q1,1472.23
Konradshöhe,2007_Q2,1460.98
Konradshöhe,2007_Q3,1452.45
Konradshöhe,2007_Q4,1445.37
Konradshöhe,2008_Q1,1437.04
Konradshöhe,2008_Q2,1436.51
Konradshöhe,2008_Q3,1437.71
Konradshöhe,2008_Q4,1438.77
Konradshöhe,2009_Q1,1437.59
Konradshöhe,2009_Q2,1444.33
Konradshöhe,2009_Q3,1453.62
Konradshöhe,2009_Q4,1463.26
Konradshöhe,2010_Q1,1469.85
Konradshöhe,2010_Q2,1482.36
Konradshöhe,2010_Q3,1494.8
Konradshöhe,2010_Q4,1505.73
Konradshöhe,2011_Q1,1513.67
Konradshöhe,2011_Q2,1530.15
Konradshöhe,2011_Q3,1550.44
Konradshöhe,2011_Q4,1572.8
Konradshöhe,2012_Q1,1593.9
Konradshöhe,2012_Q2,1623.37
Konradshöhe,2012_Q3,1654.28
Konradshöhe,2012_Q4,1684.17
Konradshöhe,2013_Q1,1710.22
Konradshöhe,2013_Q2,1744.3
Konradshöhe,2013_Q3,1780.08
Konradshöhe,2013_Q4,1814.82
Konradshöhe,2014_Q1,1844.28
Konradshöhe,2014_Q2,1879.77
Konradshöhe,2014_Q3,1913.99
Konradshöhe,2014_Q4,1945.26
Konradshöhe,2015_Q1,1971.92
Konradshöhe,2015_Q2,2009.3
Konradshöhe,2015_Q3,2051.74
Konradshöhe,2015_Q4,2097.39
Konradshöhe,2016_Q1,2142.14
Konradshöhe,2016_Q2,2199.3
Konradshöhe,2016_Q3,2259.95
Konradshöhe,2016_Q4,2320.91
Konradshöhe,2017_Q1,2378.39
Konradshöhe,2017_Q2,2448.87
Konradshöhe,2017_Q3,2523.62
Konradshöhe,2017_Q4,2598.58
Konradshöhe,2018_Q1,2667.24
Konradshöhe,2018_Q2,2745.42
Konradshöhe,2018_Q3,2822.01
Staaken,2007_Q1,1139.35
Staaken,2007_Q2,1133.18
Staaken,2007_Q3,1129.08
Staaken,2007_Q4,1126.1
Staaken,2008_Q1,1122.12
Staaken,2008_Q2,1124.22
Staaken,2008_Q3,1127.68
Staaken,2008_Q4,1131.04
Staaken,2009_Q1,1132.65
Staaken,2009_Q2,1140.51
Staaken,2009_Q3,1150.42
Staaken,2009_Q4,1160.65
Staaken,2010_Q1,1168.49
Staaken,2010_Q2,1181.07
Staaken,2010_Q3,1193.66
Staaken,2010_Q4,1205.08
Staaken,2011_Q1,1214.15
Staaken,2011_Q2,1230.12
Staaken,2011_Q3,1249.22
Staaken,2011_Q4,1270.08
Staaken,2012_Q1,1290.0
Staaken,2012_Q2,1316.8
Staaken,2012_Q3,1344.88
Staaken,2012_Q4,1372.25
Staaken,2013_Q1,1396.6
Staaken,2013_Q2,1427.62
Staaken,2013_Q3,1460.17
Staaken,2013_Q4,1492.01
Staaken,2014_Q1,1519.63
Staaken,2014_Q2,1552.34
Staaken,2014_Q3,1584.14
Staaken,2014_Q4,1613.63
Staaken,2015_Q1,1639.41
Staaken,2015_Q2,1674.24
Staaken,2015_Q3,1713.43
Staaken,2015_Q4,1755.48
Staaken,2016_Q1,1796.95
Staaken,2016_Q2,1849.04
Staaken,2016_Q3,1904.29
Staaken,2016_Q4,1960.04
Staaken,2017_Q1,2013.09
Staaken,2017_Q2,2077.39
Staaken,2017_Q3,2145.6
Staaken,2017_Q4,2214.28
Staaken,2018_Q1,2277.88
Staaken,2018_Q2,2349.9
Staaken,2018_Q3,2420.88
Haselhorst,2007_Q1,1239.74
Haselhorst,2007_Q2,1233.29
Haselhorst,2007_Q3,1229.09
Haselhorst,2007_Q4,1226.1
Haselhorst,2008_Q1,1222.04
Haselhorst,2008_Q2,1224.59
Haselhorst,2008_Q3,1228.62
Haselhorst,2008_Q4,1232.55
Haselhorst,2009_Q1,1234.57
Haselhorst,2009_Q2,1243.4
Haselhorst,2009_Q3,1254.47
Haselhorst,2009_Q4,1265.89
Haselhorst,2010_Q1,1274.72
Haselhorst,2010_Q2,1288.73
Haselhorst,2010_Q3,1302.73
Haselhorst,2010_Q4,1315.48
Haselhorst,2011_Q1,1325.66
Haselhorst,2011_Q2,1343.39
Haselhorst,2011_Q3,1364.55
Haselhorst,2011_Q4,1387.63
Haselhorst,2012_Q1,1409.7
Haselhorst,2012_Q2,1439.29
Haselhorst,2012_Q3,1470.3
Haselhorst,2012_Q4,1500.54
Haselhorst,2013_Q1,1527.5
Haselhorst,2013_Q2,1561.76
Haselhorst,2013_Q3,1597.71
Haselhorst,2013_Q4,1632.9
Haselhorst,2014_Q1,1663.48
Haselhorst,2014_Q2,1699.66
Haselhorst,2014_Q3,1734.84
Haselhorst,2014_Q4,1767.52
Haselhorst,2015_Q1,1796.14
Haselhorst,2015_Q2,1834.69
Haselhorst,2015_Q3,1878.05
Haselhorst,2015_Q4,1924.54
Haselhorst,2016_Q1,1970.43
Haselhorst,2016_Q2,2027.98
Haselhorst,2016_Q3,2089.03
Haselhorst,2016_Q4,2150.65
Haselhorst,2017_Q1,2209.33
Haselhorst,2017_Q2,2280.38
Haselhorst,2017_Q3,2355.77
Haselhorst,2017_Q4,2431.7
Haselhorst,2018_Q1,2502.08
Haselhorst,2018_Q2,2581.74
Haselhorst,2018_Q3,2660.29
Karow,2007_Q1,1271.36
Karow,2007_Q2,1262.83
Karow,2007_Q3,1256.63
Karow,2007_Q4,1251.68
Karow,2008_Q1,1245.65
Karow,2008_Q2,1246.36
Karow,2008_Q3,1248.57
Karow,2008_Q4,1250.66
Karow,2009_Q1,1250.82
Karow,2009_Q2,1257.86
Karow,2009_Q3,1267.15
Karow,2009_Q4,1276.75
Karow,2010_Q1,1283.7
Karow,2010_Q2,1295.85
Karow,2010_Q3,1307.95
Karow,2010_Q4,1318.75
Karow,2011_Q1,1326.95
Karow,2011_Q2,1342.67
Karow,2011_Q3,1361.74
Karow,2011_Q4,1382.69
Karow,2012_Q1,1402.55
Karow,2012_Q2,1429.83
Karow,2012_Q3,1458.42
Karow,2012_Q4,1486.17
Karow,2013_Q1,1510.58
Karow,2013_Q2,1542.13
Karow,2013_Q3,1575.24
Karow,2013_Q4,1607.5
Karow,2014_Q1,1635.13
Karow,2014_Q2,1668.16
Karow,2014_Q3,1700.12
Karow,2014_Q4,1729.53
Karow,2015_Q1,1754.88
Karow,2015_Q2,1789.83
Karow,2015_Q3,1829.35
Karow,2015_Q4,1871.81
Karow,2016_Q1,1913.55
Karow,2016_Q2,1966.46
Karow,2016_Q3,2022.58
Karow,2016_Q4,2079.1
Karow,2017_Q1,2132.59
Karow,2017_Q2,2197.86
Karow,2017_Q3,2267.08
Karow,2017_Q4,2336.61
Karow,2018_Q1,2400.61
Karow,2018_Q2,2473.29
Karow,2018_Q3,2544.69
Kaulsdorf,2007_Q1,1130.87
Kaulsdorf,2007_Q2,1123.87
Kaulsdorf,2007_Q3,1118.94
Kaulsdorf,2007_Q4,1115.11
Kaulsdorf,2008_Q1,1110.31
Kaulsdorf,2008_Q2,1111.52
Kaulsdorf,2008_Q3,1114.08
Kaulsdorf,2008_Q4,1116.53
Kaulsdorf,2009_Q1,1117.25
Kaulsdorf,2009_Q2,1124.12
Kaulsdorf,2009_Q3,1133.01
Kaulsdorf,2009_Q4,1142.19
Kaulsdorf,2010_Q1,1149.01
Kaulsdorf,2010_Q2,1160.49
Kaulsdorf,2010_Q3,1171.94
Kaulsdorf,2010_Q4,1182.23
Kaulsdorf,2011_Q1,1190.2
Kaulsdorf,2011_Q2,1204.92
Kaulsdorf,2011_Q3,1222.68
Kaulsdorf,2011_Q4,1242.13
Kaulsdorf,2012_Q1,1260.63
Kaulsdorf,2012_Q2,1285.82
Kaulsdorf,2012_Q3,1312.22
Kaulsdorf,2012_Q4,1337.88
Kaulsdorf,2013_Q1,1360.56
Kaulsdorf,2013_Q2,1389.7
Kaulsdorf,2013_Q3,1420.28
Kaulsdorf,2013_Q4,1450.12
Kaulsdorf,2014_Q1,1475.82
Kaulsdorf,2014_Q2,1506.42
Kaulsdorf,2014_Q3,1536.08
Kaulsdorf,2014_Q4,1563.46
Kaulsdorf,2015_Q1,1587.2
Kaulsdorf,2015_Q2,1619.66
Kaulsdorf,2015_Q3,1656.28
Kaulsdorf,2015_Q4,1695.61
Kaulsdorf,2016_Q1,1734.32
Kaulsdorf,2016_Q2,1783.2
Kaulsdorf,2016_Q3,1835.05
Kaulsdorf,2016_Q4,1887.31
Kaulsdorf,2017_Q1,1936.88
Kaulsdorf,2017_Q2,1997.19
Kaulsdorf,2017_Q3,2061.17
Kaulsdorf,2017_Q4,2125.49
Kaulsdorf,2018_Q1,2184.84
Kaulsdorf,2018_Q2,2252.17
Kaulsdorf,2018_Q3,2318.39
Mahlsdorf,2007_Q1,1167.43
Mahlsdorf,2007_Q2,1158.59
Mahlsdorf,2007_Q3,1151.89
Mahlsdorf,2007_Q4,1146.35
Mahlsdorf,2008_Q1,1139.83
Mahlsdorf,2008_Q2,1139.48
Mahlsdorf,2008_Q3,1140.51
Mahlsdorf,2008_Q4,1141.42
Mahlsdorf,2009_Q1,1140.57
Mahlsdorf,2009_Q2,1145.99
Mahlsdorf,2009_Q3,1153.44
Mahlsdorf,2009_Q4,1161.16
Mahlsdorf,2010_Q1,1166.47
Mahlsdorf,2010_Q2,1176.47
Mahlsdorf,2010_Q3,1186.43
Mahlsdorf,2010_Q4,1195.18
Mahlsdorf,2011_Q1,1201.56
Mahlsdorf,2011_Q2,1214.72
Mahlsdorf,2011_Q3,1230.91
Mahlsdorf,2011_Q4,1248.75
Mahlsdorf,2012_Q1,1265.58
Mahlsdorf,2012_Q2,1289.06
Mahlsdorf,2012_Q3,1313.69
Mahlsdorf,2012_Q4,1337.52
Mahlsdorf,2013_Q1,1358.3
Mahlsdorf,2013_Q2,1385.45
Mahlsdorf,2013_Q3,1413.97
Mahlsdorf,2013_Q4,1441.66
Mahlsdorf,2014_Q1,1465.16
Mahlsdorf,2014_Q2,1493.45
Mahlsdorf,2014_Q3,1520.73
Mahlsdorf,2014_Q4,1545.69
Mahlsdorf,2015_Q1,1566.97
Mahlsdorf,2015_Q2,1596.78
Mahlsdorf,2015_Q3,1630.62
Mahlsdorf,2015_Q4,1667.0
Mahlsdorf,2016_Q1,1702.68
Mahlsdorf,2016_Q2,1748.23
Mahlsdorf,2016_Q3,1796.56
Mahlsdorf,2016_Q4,1845.15
Mahlsdorf,2017_Q1,1890.97
Mahlsdorf,2017_Q2,1947.13
Mahlsdorf,2017_Q3,2006.7
Mahlsdorf,2017_Q4,2066.44
Mahlsdorf,2018_Q1,2121.18
Mahlsdorf,2018_Q2,2183.5
Mahlsdorf,2018_Q3,2244.56
Gatow,2007_Q1,1417.49
Gatow,2007_Q2,1410.62
Gatow,2007_Q3,1406.34
Gatow,2007_Q4,1403.43
Gatow,2008_Q1,1399.28
Gatow,2008_Q2,1402.71
Gatow,2008_Q3,1407.84
Gatow,2008_Q4,1412.84
Gatow,2009_Q1,1415.67
Gatow,2009_Q2,1426.32
Gatow,2009_Q3,1439.55
Gatow,2009_Q4,1453.18
Gatow,2010_Q1,1463.83
Gatow,2010_Q2,1480.46
Gatow,2010_Q3,1497.09
Gatow,2010_Q4,1512.29
Gatow,2011_Q1,1524.55
Gatow,2011_Q2,1545.5
Gatow,2011_Q3,1570.4
Gatow,2011_Q4,1597.55
Gatow,2012_Q1,1623.54
Gatow,2012_Q2,1658.22
Gatow,2012_Q3,1694.56
Gatow,2012_Q4,1730.04
Gatow,2013_Q1,1761.76
Gatow,2013_Q2,1801.94
Gatow,2013_Q3,1844.08
Gatow,2013_Q4,1885.38
Gatow,2014_Q1,1921.39
Gatow,2014_Q2,1963.88
Gatow,2014_Q3,2005.26
Gatow,2014_Q4,2043.78
Gatow,2015_Q1,2077.62
Gatow,2015_Q2,2122.99
Gatow,2015_Q3,2173.94
Gatow,2015_Q4,2228.57
Gatow,2016_Q1,2282.54
Gatow,2016_Q2,2350.06
Gatow,2016_Q3,2421.67
Gatow,2016_Q4,2494.01
Gatow,2017_Q1,2562.98
Gatow,2017_Q2,2646.38
Gatow,2017_Q3,2734.85
Gatow,2017_Q4,2824.02
Gatow,2018_Q1,2906.81
Gatow,2018_Q2,3000.44
Gatow,2018_Q3,3092.85
Kladow,2007_Q1,1281.76
Kladow,2007_Q2,1277.7
Kladow,2007_Q3,1275.97
Kladow,2007_Q4,1275.47
Kladow,2008_Q1,1273.84
Kladow,2008_Q2,1279.11
Kladow,2008_Q3,1285.95
Kladow,2008_Q4,1292.7
Kladow,2009_Q1,1297.47
Kladow,2009_Q2,1309.42
Kladow,2009_Q3,1323.79
Kladow,2009_Q4,1338.58
Kladow,2010_Q1,1350.66
Kladow,2010_Q2,1368.3
Kladow,2010_Q3,1386.01
Kladow,2010_Q4,1402.43
Kladow,2011_Q1,1416.18
Kladow,2011_Q2,1438.06
Kladow,2011_Q3,1463.69
Kladow,2011_Q4,1491.5
Kladow,2012_Q1,1518.32
Kladow,2012_Q2,1553.36
Kladow,2012_Q3,1590.08
Kladow,2012_Q4,1626.1
Kladow,2013_Q1,1658.71
Kladow,2013_Q2,1699.38
Kladow,2013_Q3,1742.06
Kladow,2013_Q4,1784.07
Kladow,2014_Q1,1821.2
Kladow,2014_Q2,1864.61
Kladow,2014_Q3,1907.11
Kladow,2014_Q4,1947.01
Kladow,2015_Q1,1982.59
Kladow,2015_Q2,2029.29
Kladow,2015_Q3,2081.49
Kladow,2015_Q4,2137.39
Kladow,2016_Q1,2192.83
Kladow,2016_Q2,2261.5
Kladow,2016_Q3,2334.34
Kladow,2016_Q4,2408.11
Kladow,2017_Q1,2478.88
Kladow,2017_Q2,2563.84
Kladow,2017_Q3,2654.02
Kladow,2017_Q4,2745.16
Kladow,2018_Q1,2830.4
Kladow,2018_Q2,2926.49
Kladow,2018_Q3,3021.7
Marzahn,2007_Q1,1042.05
Marzahn,2007_Q2,1035.51
Marzahn,2007_Q3,1030.89
Marzahn,2007_Q4,1027.28
Marzahn,2008_Q1,1022.78
Marzahn,2008_Q2,1023.81
Marzahn,2008_Q3,1026.08
Marzahn,2008_Q4,1028.26
Marzahn,2009_Q1,1028.84
Marzahn,2009_Q2,1035.09
Marzahn,2009_Q3,1043.19
Marzahn,2009_Q4,1051.56
Marzahn,2010_Q1,1057.76
Marzahn,2010_Q2,1068.24
Marzahn,2010_Q3,1078.69
Marzahn,2010_Q4,1088.08
Marzahn,2011_Q1,1095.33
Marzahn,2011_Q2,1108.79
Marzahn,2011_Q3,1125.04
Marzahn,2011_Q4,1142.85
Marzahn,2012_Q1,1159.78
Marzahn,2012_Q2,1182.86
Marzahn,2012_Q3,1207.05
Marzahn,2012_Q4,1230.55
Marzahn,2013_Q1,1251.32
Marzahn,2013_Q2,1278.02
Marzahn,2013_Q3,1306.04
Marzahn,2013_Q4,1333.37
Marzahn,2014_Q1,1356.89
Marzahn,2014_Q2,1384.91
Marzahn,2014_Q3,1412.07
Marzahn,2014_Q4,1437.13
Marzahn,2015_Q1,1458.83
Marzahn,2015_Q2,1488.55
Marzahn,2015_Q3,1522.09
Marzahn,2015_Q4,1558.11
Marzahn,2016_Q1,1593.55
Marzahn,2016_Q2,1638.34
Marzahn,2016_Q3,1685.84
Marzahn,2016_Q4,1733.72
Marzahn,2017_Q1,1779.11
Marzahn,2017_Q2,1834.36
Marzahn,2017_Q3,1892.97
Marzahn,2017_Q4,1951.9
Marzahn,2018_Q1,2006.24
Marzahn,2018_Q2,2067.9
Marzahn,2018_Q3,2128.53
Müggelheim,2007_Q1,1303.76
Müggelheim,2007_Q2,1290.18
Müggelheim,2007_Q3,1279.06
Müggelheim,2007_Q4,1269.27
Müggelheim,2008_Q1,1258.44
Müggelheim,2008_Q2,1254.46
Müggelheim,2008_Q3,1251.99
Müggelheim,2008_Q4,1249.42
Müggelheim,2009_Q1,1244.91
Müggelheim,2009_Q2,1247.25
Müggelheim,2009_Q3,1251.77
Müggelheim,2009_Q4,1256.55
Müggelheim,2010_Q1,1258.68
Müggelheim,2010_Q2,1265.85
Müggelheim,2010_Q3,1272.91
Müggelheim,2010_Q4,1278.63
Müggelheim,2011_Q1,1281.78
Müggelheim,2011_Q2,1292.12
Müggelheim,2011_Q3,1305.59
Müggelheim,2011_Q4,1320.73
Müggelheim,2012_Q1,1334.7
Müggelheim,2012_Q2,1355.58
Müggelheim,2012_Q3,1377.53
Müggelheim,2012_Q4,1398.51
Müggelheim,2013_Q1,1416.18
Müggelheim,2013_Q2,1440.36
Müggelheim,2013_Q3,1465.8
Müggelheim,2013_Q4,1490.24
Müggelheim,2014_Q1,1510.2
Müggelheim,2014_Q2,1534.96
Müggelheim,2014_Q3,1558.53
Müggelheim,2014_Q4,1579.58
Müggelheim,2015_Q1,1596.74
Müggelheim,2015_Q2,1622.47
Müggelheim,2015_Q3,1652.11
Müggelheim,2015_Q4,1684.15
Müggelheim,2016_Q1,1715.28
Müggelheim,2016_Q2,1756.13
Müggelheim,2016_Q3,1799.51
Müggelheim,2016_Q4,1842.9
Müggelheim,2017_Q1,1883.26
Müggelheim,2017_Q2,1933.65
Müggelheim,2017_Q3,1987.11
Müggelheim,2017_Q4,2040.42
Müggelheim,2018_Q1,2088.49
Müggelheim,2018_Q2,2143.69
Müggelheim,2018_Q3,2197.35
Bohnsdorf,2007_Q1,1284.72
Bohnsdorf,2007_Q2,1268.32
Bohnsdorf,2007_Q3,1254.39
Bohnsdorf,2007_Q4,1241.83
Bohnsdorf,2008_Q1,1228.29
Bohnsdorf,2008_Q2,1221.5
Bohnsdorf,2008_Q3,1216.19
Bohnsdorf,2008_Q4,1210.8
Bohnsdorf,2009_Q1,1203.56
Bohnsdorf,2009_Q2,1202.95
Bohnsdorf,2009_Q3,1204.44
Bohnsdorf,2009_Q4,1206.16
Bohnsdorf,2010_Q1,1205.33
Bohnsdorf,2010_Q2,1209.31
Bohnsdorf,2010_Q3,1213.16
Bohnsdorf,2010_Q4,1215.72
Bohnsdorf,2011_Q1,1215.81
Bohnsdorf,2011_Q2,1222.7
Bohnsdorf,2011_Q3,1232.5
Bohnsdorf,2011_Q4,1243.83
Bohnsdorf,2012_Q1,1253.99
Bohnsdorf,2012_Q2,1270.58
Bohnsdorf,2012_Q3,1288.08
Bohnsdorf,2012_Q4,1304.58
Bohnsdorf,2013_Q1,1317.92
Bohnsdorf,2013_Q2,1337.23
Bohnsdorf,2013_Q3,1357.61
Bohnsdorf,2013_Q4,1376.96
Bohnsdorf,2014_Q1,1392.08
Bohnsdorf,2014_Q2,1411.54
Bohnsdorf,2014_Q3,1429.8
Bohnsdorf,2014_Q4,1445.66
Bohnsdorf,2015_Q1,1457.9
Bohnsdorf,2015_Q2,1477.86
Bohnsdorf,2015_Q3,1501.28
Bohnsdorf,2015_Q4,1526.75
Bohnsdorf,2016_Q1,1551.26
Bohnsdorf,2016_Q2,1584.43
Bohnsdorf,2016_Q3,1619.71
Bohnsdorf,2016_Q4,1654.81
Bohnsdorf,2017_Q1,1687.03
Bohnsdorf,2017_Q2,1728.04
Bohnsdorf,2017_Q3,1771.59
Bohnsdorf,2017_Q4,1814.79
Bohnsdorf,2018_Q1,1853.12
Bohnsdorf,2018_Q2,1897.58
Bohnsdorf,2018_Q3,1940.44
Hellersdorf,2007_Q1,855.15
Hellersdorf,2007_Q2,857.5
Hellersdorf,2007_Q3,861.4
Hellersdorf,2007_Q4,866.17
Hellersdorf,2008_Q1,870.19
Hellersdorf,2008_Q2,878.97
Hellersdorf,2008_Q3,888.9
Hellersdorf,2008_Q4,898.86
Hellersdorf,2009_Q1,907.52
Hellersdorf,2009_Q2,921.31
Hellersdorf,2009_Q3,936.94
Hellersdorf,2009_Q4,953.01
Hellersdorf,2010_Q1,967.32
Hellersdorf,2010_Q2,985.75
Hellersdorf,2010_Q3,1004.42
Hellersdorf,2010_Q4,1022.35
Hellersdorf,2011_Q1,1038.49
Hellersdorf,2011_Q2,1060.78
Hellersdorf,2011_Q3,1086.08
Hellersdorf,2011_Q4,1113.27
Hellersdorf,2012_Q1,1140.01
Hellersdorf,2012_Q2,1173.23
Hellersdorf,2012_Q3,1208.07
Hellersdorf,2012_Q4,1242.76
Hellersdorf,2013_Q1,1275.19
Hellersdorf,2013_Q2,1314.2
Hellersdorf,2013_Q3,1355.19
Hellersdorf,2013_Q4,1396.08
Hellersdorf,2014_Q1,1433.58
Hellersdorf,2014_Q2,1476.45
Hellersdorf,2014_Q3,1519.05
Hellersdorf,2014_Q4,1560.01
Hellersdorf,2015_Q1,1597.93
Hellersdorf,2015_Q2,1645.26
Hellersdorf,2015_Q3,1697.58
Hellersdorf,2015_Q4,1753.49
Hellersdorf,2016_Q1,1809.64
Hellersdorf,2016_Q2,1877.37
Hellersdorf,2016_Q3,1949.31
Hellersdorf,2016_Q4,2022.83
Hellersdorf,2017_Q1,2094.61
Hellersdorf,2017_Q2,2179.24
Hellersdorf,2017_Q3,2269.25
Hellersdorf,2017_Q4,2361.09
Hellersdorf,2018_Q1,2448.82
Hellersdorf,2018_Q2,2546.96
Hellersdorf,2018_Q3,2645.39
Neu-Hohenschönhausen,2007_Q1,951.18
Neu-Hohenschönhausen,2007_Q2,947.45
Neu-Hohenschönhausen,2007_Q3,945.44
Neu-Hohenschönhausen,2007_Q4,944.35
Neu-Hohenschönhausen,2008_Q1,942.43
Neu-Hohenschönhausen,2008_Q2,945.62
Neu-Hohenschönhausen,2008_Q3,949.95
Neu-Hohenschönhausen,2008_Q4,954.21
Neu-Hohenschönhausen,2009_Q1,957.0
Neu-Hohenschönhausen,2009_Q2,965.09
Neu-Hohenschönhausen,2009_Q3,974.94
Neu-Hohenschönhausen,2009_Q4,985.08
Neu-Hohenschönhausen,2010_Q1,993.22
Neu-Hohenschönhausen,2010_Q2,1005.43
Neu-Hohenschönhausen,2010_Q3,1017.66
Neu-Hohenschönhausen,2010_Q4,1028.94
Neu-Hohenschönhausen,2011_Q1,1038.24
Neu-Hohenschönhausen,2011_Q2,1053.48
Neu-Hohenschönhausen,2011_Q3,1071.44
Neu-Hohenschönhausen,2011_Q4,1090.97
Neu-Hohenschönhausen,2012_Q1,1109.75
Neu-Hohenschönhausen,2012_Q2,1134.5
Neu-Hohenschönhausen,2012_Q3,1160.43
Neu-Hohenschönhausen,2012_Q4,1185.82
Neu-Hohenschönhausen,2013_Q1,1208.68
Neu-Hohenschönhausen,2013_Q2,1237.38
Neu-Hohenschönhausen,2013_Q3,1267.49
Neu-Hohenschönhausen,2013_Q4,1297.07
Neu-Hohenschönhausen,2014_Q1,1323.07
Neu-Hohenschönhausen,2014_Q2,1353.58
Neu-Hohenschönhausen,2014_Q3,1383.37
Neu-Hohenschönhausen,2014_Q4,1411.25
Neu-Hohenschönhausen,2015_Q1,1435.94
Neu-Hohenschönhausen,2015_Q2,1468.65
Neu-Hohenschönhausen,2015_Q3,1505.29
Neu-Hohenschönhausen,2015_Q4,1544.54
Neu-Hohenschönhausen,2016_Q1,1583.4
Neu-Hohenschönhausen,2016_Q2,1631.75
Neu-Hohenschönhausen,2016_Q3,1683.02
Neu-Hohenschönhausen,2016_Q4,1734.9
Neu-Hohenschönhausen,2017_Q1,1784.52
Neu-Hohenschönhausen,2017_Q2,1844.29
Neu-Hohenschönhausen,2017_Q3,1907.71
Neu-Hohenschönhausen,2017_Q4,1971.73
Neu-Hohenschönhausen,2018_Q1,2031.41
Neu-Hohenschönhausen,2018_Q2,2098.78
Neu-Hohenschönhausen,2018_Q3,2165.41
Rahnsdorf,2007_Q1,1219.25
Rahnsdorf,2007_Q2,1214.49
Rahnsdorf,2007_Q3,1211.95
Rahnsdorf,2007_Q4,1210.58
Rahnsdorf,2008_Q1,1208.15
Rahnsdorf,2008_Q2,1212.26
Rahnsdorf,2008_Q3,1217.84
Rahnsdorf,2008_Q4,1223.33
Rahnsdorf,2009_Q1,1226.94
Rahnsdorf,2009_Q2,1237.33
Rahnsdorf,2009_Q3,1249.99
Rahnsdorf,2009_Q4,1263.02
Rahnsdorf,2010_Q1,1273.49
Rahnsdorf,2010_Q2,1289.17
Rahnsdorf,2010_Q3,1304.89
Rahnsdorf,2010_Q4,1319.38
Rahnsdorf,2011_Q1,1331.34
Rahnsdorf,2011_Q2,1350.91
Rahnsdorf,2011_Q3,1373.97
Rahnsdorf,2011_Q4,1399.05
Rahnsdorf,2012_Q1,1423.16
Rahnsdorf,2012_Q2,1454.93
Rahnsdorf,2012_Q3,1488.23
Rahnsdorf,2012_Q4,1520.82
Rahnsdorf,2013_Q1,1550.17
Rahnsdorf,2013_Q2,1587.02
Rahnsdorf,2013_Q3,1625.68
Rahnsdorf,2013_Q4,1663.65
Rahnsdorf,2014_Q1,1697.03
Rahnsdorf,2014_Q2,1736.21
Rahnsdorf,2014_Q3,1774.47
Rahnsdorf,2014_Q4,1810.26
Rahnsdorf,2015_Q1,1841.98
Rahnsdorf,2015_Q2,1883.98
Rahnsdorf,2015_Q3,1931.02
Rahnsdorf,2015_Q4,1981.42
Rahnsdorf,2016_Q1,2031.32
Rahnsdorf,2016_Q2,2093.39
Rahnsdorf,2016_Q3,2159.23
Rahnsdorf,2016_Q4,2225.83
Rahnsdorf,2017_Q1,2289.55
Rahnsdorf,2017_Q2,2366.28
Rahnsdorf,2017_Q3,2447.71
Rahnsdorf,2017_Q4,2529.91
Rahnsdorf,2018_Q1,2606.54
Rahnsdorf,2018_Q2,2693.05
Rahnsdorf,2018_Q3,2778.61
Schmöckwitz,2007_Q1,1017.6
Schmöckwitz,2007_Q2,1019.19
Schmöckwitz,2007_Q3,1022.63
Schmöckwitz,2007_Q4,1027.08
Schmöckwitz,2008_Q1,1030.64
Schmöckwitz,2008_Q2,1039.82
Schmöckwitz,2008_Q3,1050.33
Schmöckwitz,2008_Q4,1060.85
Schmöckwitz,2009_Q1,1069.82
Schmöckwitz,2009_Q2,1084.8
Schmöckwitz,2009_Q3,1101.91
Schmöckwitz,2009_Q4,1119.5
Schmöckwitz,2010_Q1,1134.97
Schmöckwitz,2010_Q2,1155.25
Schmöckwitz,2010_Q3,1175.75
Schmöckwitz,2010_Q4,1195.32
Schmöckwitz,2011_Q1,1212.77
Schmöckwitz,2011_Q2,1237.35
Schmöckwitz,2011_Q3,1265.38
Schmöckwitz,2011_Q4,1295.53
Schmöckwitz,2012_Q1,1325.09
Schmöckwitz,2012_Q2,1362.1
Schmöckwitz,2012_Q3,1400.91
Schmöckwitz,2012_Q4,1439.45
Schmöckwitz,2013_Q1,1475.27
Schmöckwitz,2013_Q2,1518.62
Schmöckwitz,2013_Q3,1564.15
Schmöckwitz,2013_Q4,1609.46
Schmöckwitz,2014_Q1,1650.76
Schmöckwitz,2014_Q2,1698.12
Schmöckwitz,2014_Q3,1745.06
Schmöckwitz,2014_Q4,1790.02
Schmöckwitz,2015_Q1,1831.38
Schmöckwitz,2015_Q2,1883.41
Schmöckwitz,2015_Q3,1941.03
Schmöckwitz,2015_Q4,2002.61
Schmöckwitz,2016_Q1,2064.31
Schmöckwitz,2016_Q2,2139.05
Schmöckwitz,2016_Q3,2218.42
Schmöckwitz,2016_Q4,2299.39
Schmöckwitz,2017_Q1,2378.19
Schmöckwitz,2017_Q2,2471.37
Schmöckwitz,2017_Q3,2570.43
Schmöckwitz,2017_Q4,2671.32
Schmöckwitz,2018_Q1,2767.33
Schmöckwitz,2018_Q2,2874.85
Schmöckwitz,2018_Q3,2982.46
Falkenberg,2007_Q1,1251.37
Falkenberg,2007_Q2,1240.61
Falkenberg,2007_Q3,1232.17
Falkenberg,2007_Q4,1224.99
Falkenberg,2008_Q1,1216.76
Falkenberg,2008_Q2,1215.14
Falkenberg,2008_Q3,1214.98
Falkenberg,2008_Q4,1214.71
Falkenberg,2009_Q1,1212.55
Falkenberg,2009_Q2,1217.06
Falkenberg,2009_Q3,1223.71
Falkenberg,2009_Q4,1230.64
Falkenberg,2010_Q1,1234.99
Falkenberg,2010_Q2,1244.3
Falkenberg,2010_Q3,1253.54
Falkenberg,2010_Q4,1261.49
Falkenberg,2011_Q1,1266.91
Falkenberg,2011_Q2,1279.48
Falkenberg,2011_Q3,1295.19
Falkenberg,2011_Q4,1312.61
Falkenberg,2012_Q1,1328.94
Falkenberg,2012_Q2,1352.2
Falkenberg,2012_Q3,1376.62
Falkenberg,2012_Q4,1400.15
Falkenberg,2013_Q1,1420.44
Falkenberg,2013_Q2,1447.35
Falkenberg,2013_Q3,1475.62
Falkenberg,2013_Q4,1502.97
Falkenberg,2014_Q1,1525.9
Falkenberg,2014_Q2,1553.76
Falkenberg,2014_Q3,1580.52
Falkenberg,2014_Q4,1604.8
Falkenberg,2015_Q1,1625.23
Falkenberg,2015_Q2,1654.45
Falkenberg,2015_Q3,1687.76
Falkenberg,2015_Q4,1723.65
Falkenberg,2016_Q1,1758.73
Falkenberg,2016_Q2,1803.92
Falkenberg,2016_Q3,1851.88
Falkenberg,2016_Q4,1900.01
Falkenberg,2017_Q1,1945.19
Falkenberg,2017_Q2,2000.9
Falkenberg,2017_Q3,2060.0
Falkenberg,2017_Q4,2119.15
Falkenberg,2018_Q1,2173.04
Falkenberg,2018_Q2,2234.58
Falkenberg,2018_Q3,2294.71
